course_code,meeting_section,offering,day,start,end,location,current,max,is_waitlisted,delivery_mode,instructor,notes
ACMC01H3Y,LEC01,Summer 2025,,,,Available on ACORN,2,20,True,IN_PERSON,"Klimek, C./ Sicondolfo, C.",
ACMD01H3Y,LEC01,Summer 2025,,,,Available on ACORN,1,20,True,IN_PERSON,"Klimek, C./ Sicondolfo, C.",
ACMD02H3Y,LEC01,Summer 2025,,,,Available on ACORN,0,20,True,IN_PERSON,,
ACMD98H3F,LEC01,Summer 2025,MO,14:00,17:00,Available on ACORN,12,20,True,IN_PERSON,"MacGregor, G.",
ACMD98H3F,LEC01,Summer 2025,TH,14:00,17:00,Available on ACORN,12,20,True,IN_PERSON,"MacGregor, G.",
AFSC52H3F,LEC01,Summer 2025,TU,10:00,12:00,Available on ACORN,3,17,True,IN_PERSON,"Gervers, M.",
AFSC52H3F,LEC01,Summer 2025,FR,10:00,12:00,Available on ACORN,3,17,True,IN_PERSON,"Gervers, M.",
ANTA01H3F,LEC01,Summer 2025,MO,10:00,12:00,Available onACORN,80,120,True,IN_PERSON,"Smeltzer,E.",Room change(30/04/24)
ANTA01H3F,LEC01,Summer 2025,WE,10:00,12:00,Available onACORN,80,120,True,IN_PERSON,"Smeltzer,E.",Room change(30/04/24)
ANTA01H3F,TUT0001,Summer 2025,FR,11:00,12:00,Available onACORN,28,30,False,IN_PERSON,,
ANTA01H3F,TUT0002,Summer 2025,FR,12:00,13:00,Available onACORN,26,30,False,IN_PERSON,,
ANTA01H3F,TUT0003,Summer 2025,FR,13:00,14:00,Available onACORN,16,30,False,IN_PERSON,,
ANTA01H3F,TUT0004,Summer 2025,FR,14:00,15:00,Available onACORN,8,30,False,IN_PERSON,,
ANTA02H3Y,LEC01,Summer 2025,TU,10:00,12:00,Available on ACORN,114,165,True,ONLINE_SYNCHRONOUS,"Van Dyk, J.",
ANTA02H3Y,TUT0001,Summer 2025,TH,11:00,12:00,Available on ACORN,27,33,False,ONLINE_SYNCHRONOUS,,
ANTA02H3Y,TUT0002,Summer 2025,TH,12:00,13:00,Available on ACORN,24,33,False,ONLINE_SYNCHRONOUS,,
ANTA02H3Y,TUT0003,Summer 2025,WE,14:00,15:00,Available on ACORN,27,33,False,ONLINE_SYNCHRONOUS,,
ANTA02H3Y,TUT0004,Summer 2025,WE,15:00,16:00,Available on ACORN,26,33,False,ONLINE_SYNCHRONOUS,,
ANTA02H3Y,TUT0005,Summer 2025,WE,16:00,17:00,Available on ACORN,9,33,False,ONLINE_SYNCHRONOUS,,
ANTB09H3Y,LEC01,Summer 2025,WE,12:00,14:00,Available on ACORN,69,80,True,ONLINE_SYNCHRONOUS,"Nixon, K.",
ANTB14H3Y,LEC01,Summer 2025,MO,13:00,15:00,Available on ACORN,29,50,True,ONLINE_SYNCHRONOUS,"Smeltzer, E.",
ANTB14H3Y,TUT0001,Summer 2025,MO,15:00,16:00,Available on ACORN,17,25,False,ONLINE_SYNCHRONOUS,,
ANTB14H3Y,TUT0002,Summer 2025,MO,16:00,17:00,Available on ACORN,11,25,False,ONLINE_SYNCHRONOUS,,
ANTC04H3Y,LEC01,Summer 2025,,,,Available on ACORN,1,9999,True,IN_PERSON,,
ANTC04H3Y,LEC01,Summer 2025,,,,Available on ACORN,0,9999,True,IN_PERSON,,
ANTC18H3S,LEC01,Summer 2025,WE,15:00,17:00,Available onACORN,53,60,True,,"El Helou,M.",Day/Time Change(30/04/24)
ANTC18H3S,LEC01,Summer 2025,FR,13:00,15:00,Available onACORN,53,60,True,,"El Helou,M.",Day/Time Change(30/04/24)
ANTC24H3F,LEC01,Summer 2025,TU,13:00,15:00,Available on ACORN,77,80,True,ONLINE_SYNCHRONOUS,"Kilroy-Marac, K.",
ANTC24H3F,LEC01,Summer 2025,TH,13:00,15:00,Available on ACORN,77,80,True,ONLINE_SYNCHRONOUS,"Kilroy-Marac, K.",
ANTD32H3Y,LEC01,Summer 2025,,,,Available on ACORN,0,9999,True,IN_PERSON,,
ANTD32H3Y,LEC01,Summer 2025,,,,Available on ACORN,0,9999,True,IN_PERSON,,
ANTD70H3F,LEC01,Summer 2025,TU,10:00,16:00,Available on ACORN,10,15,True,IN_PERSON,"Janz, L.",
ANTD70H3F,LEC01,Summer 2025,TH,10:00,16:00,Available on ACORN,10,15,True,IN_PERSON,"Janz, L.",
BIOA01H3Y,LEC01,Summer 2025,TU,12:00,15:00,Available on ACORN,91,120,True,IN_PERSON,"Williams, K.",
BIOA01H3Y,PRA0001,Summer 2025,TU,09:00,12:00,Available on ACORN,19,24,False,IN_PERSON,,
BIOA01H3Y,PRA0002,Summer 2025,TU,09:00,12:00,Available on ACORN,20,24,False,IN_PERSON,,
BIOA01H3Y,PRA0003,Summer 2025,TU,15:00,18:00,Available on ACORN,19,24,False,IN_PERSON,,
BIOA01H3Y,PRA0004,Summer 2025,TU,15:00,18:00,Available on ACORN,18,24,False,IN_PERSON,,
BIOA01H3Y,PRA0005,Summer 2025,WE,10:00,13:00,Available on ACORN,15,24,False,IN_PERSON,,
BIOA02H3Y,LEC01,Summer 2025,TH,12:00,15:00,Available on ACORN,72,96,True,IN_PERSON,"Chang, T.",
BIOA02H3Y,PRA0001,Summer 2025,TH,09:00,12:00,Available on ACORN,18,24,False,IN_PERSON,,
BIOA02H3Y,PRA0002,Summer 2025,TH,09:00,12:00,Available on ACORN,18,24,False,IN_PERSON,,
BIOA02H3Y,PRA0003,Summer 2025,TH,15:00,18:00,Available on ACORN,20,24,False,IN_PERSON,,
BIOA02H3Y,PRA0004,Summer 2025,TH,15:00,18:00,Available on ACORN,16,24,False,IN_PERSON,,
BIOB10H3F,LEC01,Summer 2025,MO,10:00,12:00,Available on ACORN,226,300,True,IN_PERSON,"Gimenez, C./ Mahtani, T.",
BIOB10H3F,LEC01,Summer 2025,TH,10:00,12:00,Available on ACORN,226,300,True,IN_PERSON,"Gimenez, C./ Mahtani, T.",
BIOB10H3F,TUT0001,Summer 2025,TH,12:00,13:00,Available on ACORN,225,300,False,IN_PERSON,,
BIOB11H3S,LEC01,Summer 2025,MO,10:00,12:00,Available on ACORN,218,475,True,IN_PERSON,"Bell, E.",
BIOB11H3S,LEC01,Summer 2025,TH,10:00,12:00,Available on ACORN,218,475,True,IN_PERSON,"Bell, E.",
BIOB11H3S,TUT0001,Summer 2025,TH,12:00,13:00,Available on ACORN,214,475,False,IN_PERSON,,
BIOB12H3Y,LEC01,Summer 2025,TU,09:00,10:00,Available on ACORN,43,48,True,IN_PERSON,"Bawa, D.",
BIOB12H3Y,PRA0001,Summer 2025,TU,10:00,13:00,Available on ACORN,21,24,False,IN_PERSON, ,
BIOB12H3Y,PRA0001,Summer 2025,WE,10:00,13:00,Available on ACORN,21,24,False,IN_PERSON, ,
BIOB12H3Y,PRA0002,Summer 2025,TU,10:00,13:00,Available on ACORN,0,24,False,IN_PERSON, ,
BIOB12H3Y,PRA0002,Summer 2025,WE,10:00,13:00,Available on ACORN,0,24,False,IN_PERSON, ,
BIOB12H3Y,PRA0003,Summer 2025,TU,14:00,17:00,Available on ACORN,21,24,False,IN_PERSON, ,
BIOB12H3Y,PRA0003,Summer 2025,WE,14:00,17:00,Available on ACORN,21,24,False,IN_PERSON, ,
BIOB12H3Y,PRA0004,Summer 2025,TU,14:00,17:00,Available on ACORN,0,24,False,IN_PERSON, ,
BIOB12H3Y,PRA0004,Summer 2025,WE,14:00,17:00,Available on ACORN,0,24,False,IN_PERSON,,
BIOB32H3Y,LEC01,Summer 2025,FR,10:00,11:00,Available on ACORN,63,72,True,IN_PERSON,"Brown, J.",
BIOB32H3Y,PRA0001,Summer 2025,FR,11:00,14:00,Available on ACORN,21,24,False,IN_PERSON,,
BIOB32H3Y,PRA0002,Summer 2025,FR,11:00,14:00,Available on ACORN,19,24,False,IN_PERSON,,
BIOB32H3Y,PRA0003,Summer 2025,TH,14:00,17:00,Available on ACORN,23,24,False,IN_PERSON,,
BIOB33H3Y,LEC01,Summer 2025,MO,15:00,17:00,Available on ACORN,68,120,True,IN_PERSON,"Zigouris, J.",
BIOB34H3Y,LEC01,Summer 2025,TH,18:00,20:00,Available on ACORN,118,130,True,IN_PERSON,"Brown, J.",
BIOB34H3Y,TUT0001,Summer 2025,TH,20:00,21:00,Available on ACORN,110,130,False,IN_PERSON,,
BIOB50H3Y,LEC01,Summer 2025,WE,14:00,16:00,Available on ACORN,153,165,True,IN_PERSON,"Fitzpatrick, M.",
BIOB50H3Y,TUT0001,Summer 2025,WE,16:00,17:00,Available on ACORN,143,165,False,IN_PERSON,,
BIOB51H3Y,LEC01,Summer 2025,TH,14:00,16:00,Available on ACORN,74,125,True,IN_PERSON,"Fitzpatrick, M.",
BIOB51H3Y,TUT0001,Summer 2025,TH,16:00,17:00,Available on ACORN,71,100,False,IN_PERSON,,
BIOB52H3Y,LEC01,Summer 2025,TU,12:00,13:00,Available on ACORN,8,24,True,IN_PERSON,"Keir, K.",
BIOB52H3Y,PRA0001,Summer 2025,TU,13:00,17:00,Available on ACORN,8,24,False,IN_PERSON,,
BIOB98H3Y,LEC01,Summer 2025,,,,Available on ACORN,29,45,True,IN_PERSON,FACULTY,
BIOB99H3Y,LEC01,Summer 2025,,,,Available on ACORN,2,10,True,IN_PERSON,FACULTY,
BIOC12H3Y,LEC01,Summer 2025,WE,09:00,11:00,Available on ACORN,74,120,True,IN_PERSON,"Brunt, S.",
BIOC13H3Y,LEC01,Summer 2025,MO,14:00,17:00,Available on ACORN,92,135,True,IN_PERSON,"Bell, E.",
BIOC15H3Y,LEC01,Summer 2025,WE,12:00,14:00,Available on ACORN,55,96,True,IN_PERSON,"Bawa, D.",
BIOC15H3Y,PRA0001,Summer 2025,WE,09:00,12:00,Available on ACORN,18,24,False,IN_PERSON,,
BIOC15H3Y,PRA0002,Summer 2025,WE,09:00,12:00,Available on ACORN,5,24,False,IN_PERSON,,
BIOC15H3Y,PRA0003,Summer 2025,WE,14:00,17:00,Available on ACORN,17,24,False,IN_PERSON,,
BIOC15H3Y,PRA0004,Summer 2025,WE,14:00,17:00,Available on ACORN,14,24,False,IN_PERSON,,
BIOC17H3Y,LEC01,Summer 2025,TU,12:00,14:00,Available on ACORN,92,120,True,IN_PERSON,"Brunt, S.",
BIOC17H3Y,PRA0001,Summer 2025,TU,09:00,12:00,Available on ACORN,19,24,False,IN_PERSON,,
BIOC17H3Y,PRA0002,Summer 2025,TU,09:00,12:00,Available on ACORN,21,24,False,IN_PERSON,,
BIOC17H3Y,PRA0003,Summer 2025,TU,14:00,17:00,Available on ACORN,21,24,False,IN_PERSON,,
BIOC17H3Y,PRA0004,Summer 2025,TU,14:00,17:00,Available on ACORN,17,24,False,IN_PERSON,,
BIOC17H3Y,PRA0005,Summer 2025,WE,14:00,17:00,Available on ACORN,14,24,False,IN_PERSON,,
BIOC23H3Y,LEC01,Summer 2025,TH,08:00,10:00,Available on ACORN,11,24,True,IN_PERSON,"Bawa, D.",
BIOC23H3Y,PRA0001,Summer 2025,TH,10:00,14:00,Available on ACORN,11,24,False,IN_PERSON,,
BIOC23H3Y,PRA0002,Summer 2025,TH,10:00,14:00,Available on ACORN,0,24,False,IN_PERSON,,
BIOC99H3Y,LEC01,Summer 2025,TU,10:00,12:00,Available on ACORN,0,10,True,IN_PERSON,"Fitzpatrick, M.",
BIOD21H3Y,LEC01,Summer 2025,TH,17:00,18:00,Available on ACORN,9,24,True,IN_PERSON,"Bawa, D.",
BIOD21H3Y,PRA0001,Summer 2025,WE,14:00,17:00,Available on ACORN,9,24,False,IN_PERSON,,
BIOD21H3Y,PRA0001,Summer 2025,TH,14:00,17:00,Available on ACORN,9,24,False,IN_PERSON,,
BIOD32H3Y,LEC01,Summer 2025,MO,09:00,10:00,Available on ACORN,31,50,True,IN_PERSON,"Reid, S.",
BIOD32H3Y,LEC01,Summer 2025,WE,09:00,10:00,Available on ACORN,31,50,True,IN_PERSON,"Reid, S.",
BIOD67H3Y,LEC01,Summer 2025,,,,Available on ACORN,3,5,True,IN_PERSON,FACULTY,
BIOD95H3Y,LEC01,Summer 2025,,,,Available on ACORN,6,20,True,IN_PERSON,"Fitzpatrick, M.",
BIOD98Y3Y,LEC01,Summer 2025,,,,Available on ACORN,8,15,True,IN_PERSON,"Fitzpatrick, M.",
BIOD99Y3Y,LEC01,Summer 2025,,,,Available on ACORN,2,15,True,IN_PERSON,"Fitzpatrick, M.",
CDPD00H3Y,LEC01,Summer 2025,,,,Available on ACORN,15,20,True,IN_PERSON,,
CDPD01H3Y,LEC01,Summer 2025,,,,Available on ACORN,0,10,True,IN_PERSON,,
CHMA11H3Y,LEC01,Summer 2025,MO,09:00,11:00,Available on ACORN,124,192,True,IN_PERSON,"Jenne, A./ Kim, S.",
CHMA11H3Y,LEC01,Summer 2025,WE,09:00,11:00,Available on ACORN,124,192,True,IN_PERSON,"Jenne, A./ Kim, S.",
CHMA11H3Y,PRA0001,Summer 2025,TU,10:00,13:00,Available on ACORN,21,24,False,IN_PERSON,,
CHMA11H3Y,PRA0002,Summer 2025,TU,10:00,13:00,Available on ACORN,18,24,False,IN_PERSON,,
CHMA11H3Y,PRA0003,Summer 2025,TU,10:00,13:00,Available on ACORN,11,24,False,IN_PERSON,,
CHMA11H3Y,PRA0004,Summer 2025,TU,10:00,13:00,Available on ACORN,22,24,False,IN_PERSON,,
CHMA11H3Y,PRA0005,Summer 2025,TU,10:00,13:00,Available on ACORN,6,24,False,IN_PERSON,,
CHMA11H3Y,PRA0006,Summer 2025,TU,10:00,13:00,Available on ACORN,12,24,False,IN_PERSON,,
CHMA11H3Y,PRA0007,Summer 2025,TU,10:00,13:00,Available on ACORN,18,24,False,IN_PERSON,,
CHMA11H3Y,PRA0008,Summer 2025,TU,10:00,13:00,Available on ACORN,16,24,False,IN_PERSON,,
CHMB16H3Y,LEC01,Summer 2025,TU,14:00,16:00,Available on ACORN,47,48,True,IN_PERSON,"Jenne, A./ Kim, S.",
CHMB16H3Y,LEC01,Summer 2025,TH,13:00,15:00,Available on ACORN,47,48,True,IN_PERSON,"Jenne, A./ Kim, S.",
CHMB16H3Y,PRA0001,Summer 2025,WE,13:00,17:00,Available on ACORN,16,16,False,IN_PERSON,,
CHMB16H3Y,PRA0002,Summer 2025,WE,13:00,17:00,Available on ACORN,15,16,False,IN_PERSON,,
CHMB16H3Y,PRA0003,Summer 2025,WE,13:00,17:00,Available on ACORN,16,16,False,IN_PERSON,,
CHMB42H3Y,LEC01,Summer 2025,TU,10:00,12:00,Available on ACORN,48,120,True,IN_PERSON,"Shao, T.",
CHMB42H3Y,LEC01,Summer 2025,TH,10:00,12:00,Available on ACORN,48,120,True,IN_PERSON,"Shao, T.",
CHMB42H3Y,PRA0001,Summer 2025,WE,10:00,14:00,Available on ACORN,7,16,False,IN_PERSON,,
CHMB42H3Y,PRA0002,Summer 2025,WE,10:00,14:00,Available on ACORN,7,16,False,IN_PERSON,,
CHMB42H3Y,PRA0003,Summer 2025,WE,10:00,14:00,Available on ACORN,0,16,False,IN_PERSON,,
CHMB42H3Y,PRA0004,Summer 2025,FR,09:00,13:00,Available on ACORN,13,16,False,IN_PERSON,,
CHMB42H3Y,PRA0005,Summer 2025,FR,09:00,13:00,Available on ACORN,12,16,False,IN_PERSON,,
CHMB42H3Y,PRA0006,Summer 2025,FR,09:00,13:00,Available on ACORN,9,16,False,IN_PERSON,,
CHMB42H3Y,PRA0007,Summer 2025,FR,09:00,13:00,Available on ACORN,0,16,False,IN_PERSON,,
CHMB42H3Y,PRA0008,Summer 2025,FR,09:00,13:00,Available on ACORN,0,16,False,IN_PERSON,,
CHMB42H3Y,TUT0001,Summer 2025,WE,16:00,17:00,Available on ACORN,14,40,False,IN_PERSON,,
CHMB42H3Y,TUT0002,Summer 2025,WE,16:00,17:00,Available on ACORN,0,40,False,IN_PERSON,,
CHMB42H3Y,TUT0003,Summer 2025,TH,16:00,17:00,Available on ACORN,34,40,False,IN_PERSON,,
CHMD90Y3Y,LEC01,Summer 2025,,,,Available on ACORN,5,10,True,IN_PERSON,"Kerman, K.",
CHMD91H3Y,LEC01,Summer 2025,,,,Available on ACORN,0,10,True,IN_PERSON,"Kerman, K.",
CITC10H3Y,LEC01,Summer 2025,WE,13:00,15:00,Available on ACORN,74,80,True,ONLINE_SYNCHRONOUS,"McCormack, K.",
CITC14H3Y,LEC01,Summer 2025,TH,19:00,21:00,Available on ACORN,46,60,True,IN_PERSON,"Snow, K.",
CITC16H3Y,LEC01,Summer 2025,WE,11:00,13:00,Available on ACORN,72,80,True,ONLINE_SYNCHRONOUS,"Anderson, V.",
CITD10H3Y,LEC01,Summer 2025,TH,11:00,13:00,Available on ACORN,9,25,True,IN_PERSON,"Solomon, R.",
CLAA04H3Y,LEC01,Summer 2025,,,,Available on ACORN,0,9999,True,IN_PERSON,,
CLAA06H3F,LEC01,Summer 2025,TU,17:00,19:00,Available on ACORN,86,200,True,IN_PERSON,"Cooper, K.",
CLAA06H3F,LEC01,Summer 2025,TH,17:00,19:00,Available on ACORN,86,200,True,IN_PERSON,"Cooper, K.",
CLAB20H3Y,LEC01,Summer 2025,WE,15:00,17:00,Available on ACORN,16,60,True,IN_PERSON,"Leghissa, G.",
COPB10Y3S,LEC01,Summer 2025,TU,12:00,14:00,Available on ACORN,24,120,True,IN_PERSON,"Haque, F.",
COPB10Y3S,LEC01,Summer 2025,TH,12:00,14:00,Available on ACORN,24,120,True,IN_PERSON,"Haque, F.",
COPB50H3S,LEC01,Summer 2025,,,,Available on ACORN,47,120,True,ONLINE_ASYNCHRONOUS,"Lott, A.",
COPB50H3Y,LEC01,Summer 2025,,,,Available onACORN,55,250,True,,"Heer, K./ Jeremiah, C./Kowalchuk, A.",
COPB50H3Y,PRA0002,Summer 2025,TU,14:00,16:00,Available onACORN,50,150,False,,,
COPB51H3Y,LEC02,Summer 2025,-,Computer,Science,"Co-op,",Mathematics,"Co-op,",False,,Computer &,Mathematical
COPB51H3Y,LEC01,Summer 2025,Available,on,198,240,Y,Online,False,,"K./ Jeremiah,",C./
COPB51H3Y,PRA0003,Summer 2025,FR,09:00,11:00,Available onACORN,29,80,False,IN_PERSON,"Kowalchuk, A.",
COPB51H3Y,PRA0004,Summer 2025,TH,09:00,11:00,Available onACORN,106,120,False,,"Jeremiah, C./ Li, K.",
COPB51H3Y,PRA0005,Summer 2025,TU,10:00,12:00,Available onACORN,31,40,False,IN_PERSON,"Li, K.",
COPB52H3Y,LEC01,Summer 2025,,,,Available onACORN,72,240,True,,"Chan, P./ Epp, K.",
COPB52H3Y,LEC02,Summer 2025,,,,Available onACORN,46,375,True,,"Abdoun Mohamed, M./Epp, K.",
COPB52H3Y,LEC03,Summer 2025,,,,Available onACORN,12,70,True,,"Chan, P.",
COPB52H3Y,PRA0002,Summer 2025,FR,09:00,11:00,Available onACORN,23,160,False,IN_PERSON,"Chan, P.",
COPB52H3Y,PRA0003,Summer 2025,TU,09:00,11:00,Available onACORN,17,200,False,,"Abdoun Mohamed, M./Epp, K.",
COPB52H3Y,PRA0004,Summer 2025,TH,15:00,17:00,Available onACORN,29,150,False,IN_PERSON,"Abdoun Mohamed, M.",
COPB52H3Y,PRA0005,Summer 2025,FR,13:00,15:00,Available onACORN,60,200,False,,"Chan, P.",
COPB53H3Y,LEC01,Summer 2025,,,,Available on ACORN,43,85,True,ONLINE_ASYNCHRONOUS,"Epp, K.",
COPB53H3Y,LEC02,Summer 2025,,,,Available on ACORN,45,75,True,ONLINE_ASYNCHRONOUS,"Epp, K.",
COPC98H3Y,LEC01,Summer 2025,,,,Available on ACORN,20,90,True,ONLINE_ASYNCHRONOUS,"Chan, P.",
COPC98H3Y,LEC02,Summer 2025,,,,Available on ACORN,37,90,True,ONLINE_ASYNCHRONOUS,"Abdoun Mohamed, M.",
COPC99H3Y,LEC01,Summer 2025,,,,Available on ACORN,4,20,True,ONLINE_ASYNCHRONOUS,"Chan, P.",
COPC99H3Y,LEC02,Summer 2025,,,,Available on ACORN,50,70,True,ONLINE_ASYNCHRONOUS,"Abdoun Mohamed, M.",
COPC99H3Y,LEC101,Summer 2025,,,,Available on ACORN,0,10,False,ONLINE_ASYNCHRONOUS,"Uliaszek, A.",
COPC99H3Y,LEC101,Summer 2025,,,,Available on ACORN,4,10,False,ONLINE_ASYNCHRONOUS,"Ruocco, A.",
CSCA08H3Y,LEC101,Summer 2025,,,,Available on ACORN,0,10,False,ONLINE_ASYNCHRONOUS,"Uliaszek, A.",
CSCA08H3Y,LEC01,Summer 2025,MO,13:00,15:00,Available on ACORN,76,120,True,IN_PERSON,"Syed, B.",
CSCA08H3Y,LEC01,Summer 2025,WE,14:00,15:00,Available on ACORN,76,120,True,IN_PERSON,"Syed, B.",
CSCA48H3Y,LEC01,Summer 2025,MO,14:00,15:00,Available on ACORN,112,175,True,IN_PERSON,"Abou Assi,",R.
CSCA48H3Y,LEC01,Summer 2025,WE,13:00,15:00,Available on ACORN,112,175,True,IN_PERSON,"Abou Assi,",R.
CSCA48H3Y,TUT0001,Summer 2025,TU,14:00,15:00,Available on ACORN,20,33,False,IN_PERSON, ,
CSCA48H3Y,TUT0002,Summer 2025,WE,11:00,12:00,Available on ACORN,19,33,False,IN_PERSON, ,
CSCA48H3Y,TUT0003,Summer 2025,TH,13:00,14:00,Available on ACORN,20,33,False,IN_PERSON, ,
CSCA48H3Y,TUT0004,Summer 2025,TH,12:00,13:00,Available on ACORN,18,33,False,IN_PERSON,,
CSCA48H3Y,TUT0005,Summer 2025,WE,12:00,13:00,Available on ACORN,24,33,False,IN_PERSON,,
CSCA48H3Y,TUT0006,Summer 2025,MO,11:00,12:00,Available on ACORN,11,33,False,IN_PERSON,,
CSCA67H3Y,LEC01,Summer 2025,MO,15:00,17:00,Available on ACORN,39,70,True,IN_PERSON,"Meskar, E.",
CSCA67H3Y,LEC01,Summer 2025,FR,14:00,15:00,Available on ACORN,39,70,True,IN_PERSON,"Meskar, E.",
CSCA67H3Y,TUT0001,Summer 2025,WE,11:00,12:00,Available on ACORN,16,26,False,IN_PERSON,,
CSCA67H3Y,TUT0002,Summer 2025,WE,16:00,17:00,Available on ACORN,9,16,False,IN_PERSON,,
CSCA67H3Y,TUT0003,Summer 2025,TH,10:00,11:00,Available on ACORN,6,16,False,IN_PERSON,,
CSCA67H3Y,TUT0004,Summer 2025,TH,17:00,18:00,Available on ACORN,7,18,False,IN_PERSON,,
CSCB07H3Y,LEC01,Summer 2025,MO,09:00,11:00,Available on ACORN,98,135,True,IN_PERSON,"Abou Assi, R.",
CSCB07H3Y,TUT0001,Summer 2025,MO,13:00,14:00,Available on ACORN,29,35,False,IN_PERSON,,
CSCB07H3Y,TUT0002,Summer 2025,TU,09:00,10:00,Available on ACORN,17,35,False,IN_PERSON,,
CSCB07H3Y,TUT0003,Summer 2025,TH,10:00,11:00,Available on ACORN,24,35,False,IN_PERSON,,
CSCB07H3Y,TUT0004,Summer 2025,MO,14:00,15:00,Available on ACORN,28,35,False,IN_PERSON,,
CSCB09H3Y,LEC01,Summer 2025,TH,14:00,16:00,Available on ACORN,118,135,True,IN_PERSON,"Lai, A.",
CSCB09H3Y,TUT0001,Summer 2025,TU,12:00,13:00,Available on ACORN,24,35,False,IN_PERSON,,
CSCB09H3Y,TUT0002,Summer 2025,TU,13:00,14:00,Available on ACORN,31,35,False,IN_PERSON,,
CSCB09H3Y,TUT0003,Summer 2025,TU,14:00,15:00,Available on ACORN,28,35,False,IN_PERSON,,
CSCB09H3Y,TUT0004,Summer 2025,WE,16:00,17:00,Available on ACORN,34,35,False,IN_PERSON,,
CSCB36H3Y,LEC01,Summer 2025,WE,12:00,14:00,Available on ACORN,61,120,True,IN_PERSON,"Cheng, N.",
CSCB36H3Y,LEC01,Summer 2025,FR,13:00,14:00,Available on ACORN,61,120,True,IN_PERSON,"Cheng, N.",
CSCB36H3Y,TUT0001,Summer 2025,FR,12:00,13:00,Available on ACORN,36,41,False,IN_PERSON,,
CSCB36H3Y,TUT0002,Summer 2025,TH,09:00,10:00,Available on ACORN,25,41,False,IN_PERSON,,
CSCB58H3Y,LEC01,Summer 2025,TU,10:00,13:00,Available on ACORN,71,90,True,IN_PERSON,"Ibrahim, K.",
CSCB58H3Y,PRA0001,Summer 2025,TH,11:00,15:00,Available on ACORN,30,33,False,IN_PERSON,,
CSCB58H3Y,PRA0002,Summer 2025,TH,16:00,20:00,Available on ACORN,29,33,False,IN_PERSON,,
CSCB58H3Y,PRA0003,Summer 2025,MO,12:00,15:00,Available on ACORN,12,33,False,IN_PERSON,,
CSCB63H3Y,LEC01,Summer 2025,MO,11:00,13:00,Available on ACORN,56,80,True,IN_PERSON,"Bapat, A.",
CSCB63H3Y,LEC01,Summer 2025,WE,11:00,12:00,Available on ACORN,56,80,True,IN_PERSON,"Bapat, A.",
CSCB63H3Y,TUT0001,Summer 2025,FR,09:00,10:00,Available on ACORN,28,35,False,IN_PERSON,,
CSCB63H3Y,TUT0002,Summer 2025,MO,15:00,16:00,Available on ACORN,28,35,False,IN_PERSON,,
CSCC01H3Y,LEC01,Summer 2025,TU,17:00,19:00,Available on ACORN,79,120,True,IN_PERSON,"Agrawal, P.",
CSCC01H3Y,TUT0002,Summer 2025,TU,15:00,16:00,Available on ACORN,29,35,False,IN_PERSON,,
CSCC01H3Y,TUT0003,Summer 2025,TU,16:00,17:00,Available on ACORN,31,35,False,IN_PERSON,,
CSCC01H3Y,TUT0004,Summer 2025,TH,14:00,15:00,Available on ACORN,19,35,False,IN_PERSON,,
CSCC09H3Y,LEC01,Summer 2025,TH,17:00,19:00,Available on ACORN,50,100,True,IN_PERSON,"Yong, C.",
CSCC09H3Y,PRA0001,Summer 2025,MO,15:00,17:00,Available on ACORN,12,35,False,IN_PERSON,,
CSCC09H3Y,PRA0002,Summer 2025,TU,15:00,17:00,Available on ACORN,23,35,False,IN_PERSON,,
CSCC09H3Y,PRA0003,Summer 2025,WE,09:00,11:00,Available on ACORN,4,35,False,IN_PERSON,,
CSCC09H3Y,PRA0004,Summer 2025,WE,19:00,21:00,Available on ACORN,11,35,False,IN_PERSON,,
CSCC10H3Y,LEC01,Summer 2025,WE,12:00,14:00,Available on ACORN,64,120,True,IN_PERSON,"Nizam, N.",
CSCC10H3Y,TUT0001,Summer 2025,FR,13:00,14:00,Available on ACORN,30,40,False,IN_PERSON,,
CSCC10H3Y,TUT0002,Summer 2025,TH,11:00,12:00,Available on ACORN,34,40,False,IN_PERSON,,
CSCC24H3Y,LEC01,Summer 2025,TH,12:00,14:00,Available on ACORN,39,90,True,IN_PERSON,"Lai, A.",
CSCC24H3Y,TUT0002,Summer 2025,TU,11:00,12:00,Available on ACORN,17,33,False,IN_PERSON,,
CSCC24H3Y,TUT0003,Summer 2025,WE,15:00,16:00,Available on ACORN,21,33,False,IN_PERSON,,
CSCC43H3Y,LEC01,Summer 2025,MO,09:00,11:00,Available on ACORN,69,150,True,ONLINE_SYNCHRONOUS,"ZHANG, Q.",
CSCC43H3Y,TUT0001,Summer 2025,MO,14:00,15:00,Available on ACORN,30,34,False,ONLINE_SYNCHRONOUS,,
CSCC43H3Y,TUT0003,Summer 2025,MO,13:00,14:00,Available on ACORN,18,34,False,IN_PERSON,,
CSCC43H3Y,TUT0004,Summer 2025,TU,09:00,10:00,Available on ACORN,20,34,False,ONLINE_SYNCHRONOUS,,
CSCC63H3Y,LEC01,Summer 2025,TU,12:00,14:00,Available on ACORN,91,138,True,IN_PERSON,"Corlett, E.",
CSCC63H3Y,LEC01,Summer 2025,TH,14:00,15:00,Available on ACORN,91,138,True,IN_PERSON,"Corlett, E.",
CSCC63H3Y,TUT0001,Summer 2025,MO,14:00,15:00,Available on ACORN,18,34,False,IN_PERSON,,
CSCC63H3Y,TUT0002,Summer 2025,WE,14:00,15:00,Available on ACORN,20,34,False,IN_PERSON,,
CSCC63H3Y,TUT0003,Summer 2025,TH,15:00,16:00,Available on ACORN,27,34,False,IN_PERSON,,
CSCC63H3Y,TUT0004,Summer 2025,FR,10:00,11:00,Available on ACORN,22,34,False,IN_PERSON,,
CSCC69H3Y,LEC01,Summer 2025,FR,11:00,13:00,Available on ACORN,114,155,True,IN_PERSON,"Schroeder, B.",
CSCC69H3Y,TUT0001,Summer 2025,MO,15:00,16:00,Available on ACORN,19,34,False,IN_PERSON, ,
CSCC69H3Y,TUT0002,Summer 2025,TH,16:00,17:00,Available on ACORN,30,34,False,IN_PERSON, ,
CSCC69H3Y,TUT0003,Summer 2025,TH,17:00,18:00,Available on ACORN,16,34,False,IN_PERSON, ,
CSCC69H3Y,TUT0004,Summer 2025,TH,15:00,16:00,Available on ACORN,25,34,False,IN_PERSON, ,
CSCC69H3Y,TUT0005,Summer 2025,MO,14:00,15:00,Available on ACORN,23,34,False,IN_PERSON,,
CSCD03H3Y,LEC01,Summer 2025,WE,10:00,12:00,Available on ACORN,54,60,True,IN_PERSON,"Harrington, B.",
CSCD03H3Y,TUT0001,Summer 2025,WE,13:00,13:30,Available on ACORN,13,15,False,IN_PERSON,,
CSCD03H3Y,TUT0002,Summer 2025,WE,13:30,14:00,Available on ACORN,15,15,False,IN_PERSON,,
CSCD03H3Y,TUT0003,Summer 2025,WE,14:00,14:30,Available on ACORN,13,15,False,IN_PERSON,,
CSCD03H3Y,TUT0004,Summer 2025,WE,14:30,15:00,Available on ACORN,9,15,False,IN_PERSON,,
CSCD92H3Y,LEC01,Summer 2025,,,,Available on ACORN,1,10,True,IN_PERSON,"Harrington, B.",
CSCD94H3Y,LEC01,Summer 2025,,,,Available on ACORN,1,10,True,IN_PERSON,"Ponce Castro, M.",
CSCD95H3Y,LEC01,Summer 2025,,,,Available on ACORN,1,10,True,IN_PERSON,"Anderson, A.",
ECTB58H3F,LEC01,Summer 2025,MO,10:00,12:00,Available on ACORN,23,30,True,IN_PERSON,"Payne, C.",
ECTB58H3F,LEC01,Summer 2025,WE,10:00,12:00,Available on ACORN,23,30,True,IN_PERSON,"Payne, C.",
ECTB60H3F,LEC01,Summer 2025,,,,Available on ACORN,41,30,True,ONLINE_ASYNCHRONOUS,"Wu, H.",
ECTB60H3F,LEC02,Summer 2025,,,,Available on ACORN,27,30,True,ONLINE_ASYNCHRONOUS,"Wu, H.",
ECTB61H3F,LEC01,Summer 2025,TU,10:00,12:00,Available on ACORN,34,30,True,ONLINE_SYNCHRONOUS,"Ma, J.",
ECTB61H3F,LEC01,Summer 2025,TH,10:00,12:00,Available on ACORN,34,30,True,ONLINE_SYNCHRONOUS,"Ma, J.",
ECTB61H3F,LEC02,Summer 2025,TU,12:00,14:00,Available on ACORN,33,30,True,ONLINE_SYNCHRONOUS,"Ma, J.",
ECTB61H3F,LEC02,Summer 2025,TH,12:00,14:00,Available on ACORN,33,30,True,ONLINE_SYNCHRONOUS,"Ma, J.",
ECTC61H3F,LEC01,Summer 2025,TU,20:00,22:00,Available on ACORN,32,30,True,ONLINE_SYNCHRONOUS,"Ma, J.",
ECTC61H3F,LEC01,Summer 2025,TH,20:00,22:00,Available on ACORN,32,30,True,ONLINE_SYNCHRONOUS,"Ma, J.",
ECTC62H3F,LEC01,Summer 2025,,,,Available on ACORN,32,30,True,ONLINE_ASYNCHRONOUS,"Song, Z.",
ECTD66H3F,LEC01,Summer 2025,,,,Available on ACORN,9,20,True,ONLINE_ASYNCHRONOUS,"Song, Z.",
ECTD68H3F,LEC01,Summer 2025,TU,10:00,12:00,Available on ACORN,29,30,True,ONLINE_SYNCHRONOUS,"Wang, R.",
ECTD68H3F,LEC01,Summer 2025,TH,10:00,12:00,Available on ACORN,29,30,True,ONLINE_SYNCHRONOUS,"Wang, R.",
ECTD68H3F,LEC101,Summer 2025,,,,Available on ACORN,20,22,True,IN_PERSON,"Mandrak, N.",
ECTD68H3F,LEC102,Summer 2025,,,,Available on ACORN,13,22,True,IN_PERSON,"Livingstone, S.",
EESA06H3Y,LEC01,Summer 2025,,,,Available on ACORN,291,9999,True,ONLINE_ASYNCHRONOUS,"Kennedy, K.",
EESA09H3Y,LEC01,Summer 2025,,,,Available on ACORN,82,9999,True,ONLINE_ASYNCHRONOUS,"Mohsin, T.",
EESA10H3Y,LEC01,Summer 2025,,,,Available on ACORN,279,9999,True,ONLINE_ASYNCHRONOUS,"Stefanovic, S.",
EESC16H3Y,LEC01,Summer 2025,,,,Available on ACORN,11,14,True,IN_PERSON,"Daxberger, H.",
EESC24H3Y,LEC01,Summer 2025,,,,Available on ACORN,3,25,True,IN_PERSON,"Archontitsis, G.",
EESD07H3Y,LEC01,Summer 2025,,,,Available on ACORN,1,2,True,IN_PERSON,"Daxberger, H.",
EESD09H3Y,LEC01,Summer 2025,,,,Available on ACORN,1,9999,True,IN_PERSON,"Martin, A.",
EESD10Y3Y,LEC01,Summer 2025,,,,Available on ACORN,0,9999,True,IN_PERSON,"Martin, A.",
EESD33H3F,LEC01,Summer 2025,MO,09:00,19:00,Available on ACORN,10,25,False,IN_PERSON,"Meriano, M.",
EESD33H3F,LEC01,Summer 2025,TU,09:00,19:00,Available on ACORN,10,25,False,IN_PERSON,"Meriano, M.",
EESD33H3F,LEC01,Summer 2025,WE,09:00,19:00,Available on ACORN,10,25,False,IN_PERSON,"Meriano, M.",
EESD33H3F,LEC01,Summer 2025,TH,09:00,19:00,Available on ACORN,10,25,False,IN_PERSON,"Meriano, M.",
EESD33H3F,LEC01,Summer 2025,FR,09:00,19:00,Available on ACORN,10,25,False,IN_PERSON,"Meriano, M.",
ENGA01H3S,LEC01,Summer 2025,TU,09:00,11:00,Available on ACORN,86,100,True,ONLINE_SYNCHRONOUS,"DuBois, A.",
ENGA01H3S,LEC01,Summer 2025,TH,09:00,11:00,Available on ACORN,86,100,True,ONLINE_SYNCHRONOUS,"DuBois, A.",
ENGA01H3S,LEC02,Summer 2025,TU,09:00,11:00,Available on ACORN,80,100,True,ONLINE_SYNCHRONOUS,"Stafford, R.",
ENGA01H3S,LEC02,Summer 2025,TH,09:00,11:00,Available on ACORN,80,100,True,ONLINE_SYNCHRONOUS,"Stafford, R.",
ENGA02H3F,LEC01,Summer 2025,TU,10:00,13:00,Available on ACORN,15,25,True,IN_PERSON,"Elkaim, J.",
ENGA02H3F,LEC01,Summer 2025,TH,10:00,13:00,Available on ACORN,15,25,True,IN_PERSON,"Elkaim, J.",
ENGA02H3F,LEC02,Summer 2025,TU,10:00,13:00,Available on ACORN,20,25,True,ONLINE_SYNCHRONOUS,"Keyzad, N.",
ENGA02H3F,LEC02,Summer 2025,TH,10:00,13:00,Available on ACORN,20,25,True,ONLINE_SYNCHRONOUS,"Keyzad, N.",
ENGB02H3S,LEC01,Summer 2025,TU,14:00,17:00,Available on ACORN,26,35,True,IN_PERSON,"Keyzad, N.",
ENGB02H3S,LEC01,Summer 2025,TH,14:00,17:00,Available on ACORN,26,35,True,IN_PERSON,"Keyzad, N.",
ENGB04H3S,LEC01,Summer 2025,TU,12:00,14:00,Available on ACORN,56,60,True,,- Synchronous,"DuBois,"
ENGB04H3S,LEC01,Summer 2025,TH,12:00,14:00,Available on ACORN,56,60,True,,- Synchronous,"DuBois,"
ENGB34H3F,LEC01,Summer 2025,TU,12:00,14:00,Available on ACORN,56,60,True,ONLINE_SYNCHRONOUS,"DuBois, A.",
ENGB34H3F,LEC01,Summer 2025,TH,12:00,14:00,Available on ACORN,56,60,True,ONLINE_SYNCHRONOUS,"DuBois, A.",
ENGB70H3S,LEC01,Summer 2025,TU,18:00,21:00,Available on ACORN,36,50,True,IN_PERSON,"Lister, I.",
ENGB70H3S,LEC01,Summer 2025,TH,18:00,21:00,Available on ACORN,36,50,True,IN_PERSON,"Lister, I.",
ENGB70H3S,LEC01,Summer 2025,MO,14:00,17:00,Available on ACORN,88,100,True,ONLINE_SYNCHRONOUS,"Jacob, E.",
ENGB70H3S,LEC01,Summer 2025,WE,14:00,17:00,Available on ACORN,88,100,True,ONLINE_SYNCHRONOUS,"Jacob, E.",
ENGC27H3F,LEC01,Summer 2025,WE,10:00,13:00,Available on ACORN,40,50,True,IN_PERSON,"Wey, L.",
ENGC27H3F,LEC01,Summer 2025,FR,10:00,13:00,Available on ACORN,40,50,True,IN_PERSON,"Wey, L.",
ENGC43H3F,LEC01,Summer 2025,TU,14:00,17:00,Available on ACORN,44,50,True,IN_PERSON,"Stafford, R.",
ENGC43H3F,LEC01,Summer 2025,TH,14:00,17:00,Available on ACORN,44,50,True,IN_PERSON,"Stafford, R.",
ENGC56H3S,LEC01,Summer 2025,TU,18:00,21:00,Available on ACORN,47,50,True,ONLINE_SYNCHRONOUS,"Morris, J.",
ENGC56H3S,LEC01,Summer 2025,TH,18:00,21:00,Available on ACORN,47,50,True,ONLINE_SYNCHRONOUS,"Morris, J.",
ENGD07H3S,LEC01,Summer 2025,TU,15:00,17:00,Available on ACORN,23,26,True,ONLINE_SYNCHRONOUS,"DuBois, A.",
ENGD07H3S,LEC01,Summer 2025,TH,15:00,17:00,Available on ACORN,23,26,True,ONLINE_SYNCHRONOUS,"DuBois, A.",
ENGD60H3F,LEC01,Summer 2025,MO,15:00,17:00,Available onACORN,14,22,True,IN_PERSON,"Bennett, C.",Room change(09/05/24)
ENGD60H3F,LEC01,Summer 2025,WE,15:00,17:00,Available onACORN,14,22,True,IN_PERSON,"Bennett, C.",Room change(09/05/24)
FREA96H3F,LEC01,Summer 2025,TU,17:00,20:00,Available on ACORN,62,100,True,,"Sonina, S.",
FREA96H3F,TUT0001,Summer 2025,TU,16:00,17:00,Available on ACORN,9,20,False,,,
FREA96H3F,TUT0001,Summer 2025,TH,19:00,20:00,Available on ACORN,9,20,False,,,
FREA96H3F,TUT0002,Summer 2025,TU,13:00,14:00,Available on ACORN,18,20,False,,,
FREA96H3F,TUT0002,Summer 2025,TH,16:00,17:00,Available on ACORN,18,20,False,,,
FREA96H3F,TUT0003,Summer 2025,TU,15:00,16:00,Available on ACORN,18,20,False,,,
FREA96H3F,TUT0003,Summer 2025,TH,18:00,19:00,Available on ACORN,18,20,False,,,
FREA96H3F,TUT0004,Summer 2025,TU,14:00,15:00,Available on ACORN,15,20,False,,,
FREA96H3F,TUT0004,Summer 2025,TH,17:00,18:00,Available on ACORN,15,20,False,,,
FREA97H3S,LEC01,Summer 2025,TU,17:00,20:00,Available onACORN,27,60,True,,"Sonina, S.",
FREA97H3S,TUT0001,Summer 2025,TU,16:00,17:00,Available onACORN,13,20,False,,,Time/room change(08/07/24)
FREA97H3S,TUT0001,Summer 2025,TH,16:00,17:00,Available onACORN,13,20,False,,,Time/room change(08/07/24)
FREA97H3S,TUT0002,Summer 2025,TU,15:00,16:00,Available onACORN,14,20,False,,,
FREA97H3S,TUT0002,Summer 2025,TH,17:00,18:00,Available onACORN,14,20,False,,,
FREB17H3F,LEC01,Summer 2025,MO,10:00,12:00,Available on ACORN,12,30,True,IN_PERSON,"Pillet, M.",
FREB17H3F,LEC01,Summer 2025,WE,10:00,12:00,Available on ACORN,12,30,True,IN_PERSON,"Pillet, M.",
FREB18H3Y,LEC01,Summer 2025,TU,12:00,15:00,Available on ACORN,23,30,True,IN_PERSON,"Sonina, S.",
FREB27H3F,LEC01,Summer 2025,MO,12:00,14:00,Available on ACORN,42,40,True,ONLINE_SYNCHRONOUS,"Pillet, M.",
FREB27H3F,LEC01,Summer 2025,TH,12:00,14:00,Available on ACORN,42,40,True,ONLINE_SYNCHRONOUS,"Pillet, M.",
FRED02H3Y,LEC01,Summer 2025,,,,Available on ACORN,0,9999,True,IN_PERSON,,
FRED03H3Y,LEC01,Summer 2025,,,,Available on ACORN,0,9999,True,IN_PERSON,,
FRED04H3Y,LEC01,Summer 2025,,,,Available on ACORN,0,9999,True,IN_PERSON,,
FRED05H3Y,LEC01,Summer 2025,,,,Available on ACORN,0,9999,True,IN_PERSON,,
FSTA02H3F,LEC01,Summer 2025,,,,Available on ACORN,265,295,True,ONLINE_ASYNCHRONOUS,"Pilcher, J.",
FSTC37H3F,LEC01,Summer 2025,MO,11:00,13:00,Available on ACORN,17,25,True,IN_PERSON,"Bariola Gonzales, N.",
FSTC37H3F,LEC01,Summer 2025,WE,11:00,13:00,Available on ACORN,17,25,True,IN_PERSON,"Bariola Gonzales, N.",
FSTC54H3F,LEC01,Summer 2025,TU,11:00,13:00,Available on ACORN,13,16,True,IN_PERSON,"Guo, Y.",
FSTC54H3F,LEC01,Summer 2025,TH,11:00,13:00,Available on ACORN,13,16,True,IN_PERSON,"Guo, Y.",
GASC54H3F,LEC01,Summer 2025,TU,11:00,13:00,Available on ACORN,16,17,True,IN_PERSON,"Guo, Y.",
GASC54H3F,LEC01,Summer 2025,TH,11:00,13:00,Available on ACORN,16,17,True,IN_PERSON,"Guo, Y.",
GGRA30H3Y,LEC01,Summer 2025,TH,17:00,19:00,Available on ACORN,73,120,True,IN_PERSON,"Paudel, K.",
GGRA30H3Y,PRA0001,Summer 2025,TH,19:00,20:00,Available on ACORN,27,30,False,IN_PERSON,,
GGRA30H3Y,PRA0002,Summer 2025,TH,19:00,20:00,Available on ACORN,26,30,False,IN_PERSON,,
GGRA30H3Y,PRA0003,Summer 2025,TH,20:00,21:00,Available on ACORN,20,30,False,IN_PERSON,,
GGRA30H3Y,PRA0004,Summer 2025,TH,20:00,21:00,Available on ACORN,0,30,False,IN_PERSON,,
GGRB05H3Y,LEC01,Summer 2025,MO,13:00,15:00,Available on ACORN,54,80,True,IN_PERSON,"Bernard, O.",
GGRB05H3Y,TUT0001,Summer 2025,MO,15:00,16:00,Available on ACORN,27,30,False,IN_PERSON,,
GGRB05H3Y,TUT0002,Summer 2025,MO,16:00,17:00,Available on ACORN,26,30,False,IN_PERSON,,
GGRB28H3Y,LEC01,Summer 2025,TU,11:00,13:00,Available on ACORN,77,90,True,ONLINE_SYNCHRONOUS,"Majeed, M.",
GGRB28H3Y,TUT0001,Summer 2025,TU,13:00,14:00,Available on ACORN,27,30,False,ONLINE_SYNCHRONOUS,,
GGRB28H3Y,TUT0002,Summer 2025,TU,14:00,15:00,Available on ACORN,30,30,False,ONLINE_SYNCHRONOUS,,
GGRB28H3Y,TUT0003,Summer 2025,TU,15:00,16:00,Available on ACORN,16,30,False,ONLINE_SYNCHRONOUS,,
GGRC25H3F,LEC01,Summer 2025,MO,09:00,11:00,Available on ACORN,73,80,True,ONLINE_SYNCHRONOUS,"Kepe, T.",
GGRC25H3F,LEC01,Summer 2025,WE,09:00,11:00,Available on ACORN,73,80,True,ONLINE_SYNCHRONOUS,"Kepe, T.",
GGRC54H3F,LEC01,Summer 2025,TH,09:00,11:00,Available on ACORN,10,10,False,IN_PERSON,"Montero Munoz, S.",
GGRD01H3Y,LEC01,Summer 2025,,,,Available on ACORN,0,9999,True,IN_PERSON,,
GGRD31H3Y,LEC01,Summer 2025,,,,Available on ACORN,0,9999,True,IN_PERSON,,
HISA04H3F,LEC01,Summer 2025,TU,10:00,12:00,Available on ACORN,47,150,True,IN_PERSON,"Elhalaby, E./ deSouza, S.",
HISA04H3F,LEC01,Summer 2025,TH,10:00,12:00,Available on ACORN,47,150,True,IN_PERSON,"Elhalaby, E./ deSouza, S.",
HISA07H3Y,LEC01,Summer 2025,FR,11:00,13:00,Available on ACORN,23,87,True,IN_PERSON,"Spurrier, T.",
HISB02H3S,LEC01,Summer 2025,MO,11:00,13:00,Available on ACORN,48,60,True,IN_PERSON,"Khalifa, N.",
HISB02H3S,LEC01,Summer 2025,WE,11:00,13:00,Available on ACORN,48,60,True,IN_PERSON,"Khalifa, N.",
HISB12H3Y,LEC01,Summer 2025,WE,15:00,17:00,Available on ACORN,23,60,True,IN_PERSON,"Leghissa, G.",
HISB14H3S,LEC01,Summer 2025,TU,12:00,14:00,Available on ACORN,42,100,True,IN_PERSON,"Kilgore, K.",
HISB14H3S,LEC01,Summer 2025,TH,12:00,14:00,Available on ACORN,42,100,True,IN_PERSON,"Kilgore, K.",
HISB14H3S,TUT0002,Summer 2025,TU,10:30,12:00,Available on ACORN,16,20,False,IN_PERSON,,
HISB14H3S,TUT0002,Summer 2025,TH,10:30,12:00,Available on ACORN,16,20,False,IN_PERSON,,
HISB14H3S,TUT0003,Summer 2025,TU,14:00,15:30,Available on ACORN,15,20,False,IN_PERSON,,
HISB14H3S,TUT0003,Summer 2025,TH,14:00,15:30,Available on ACORN,15,20,False,IN_PERSON,,
HISB14H3S,TUT0004,Summer 2025,TU,15:30,17:00,Available on ACORN,11,20,False,IN_PERSON,,
HISB14H3S,TUT0004,Summer 2025,TH,15:30,17:00,Available on ACORN,11,20,False,IN_PERSON,,
HISB14H3S,TUT0004,Summer 2025,TU,15:30,17:00,Available on ACORN,11,20,False,IN_PERSON,,Cancelled (18/04/24)
HISB14H3S,TUT0004,Summer 2025,TH,15:30,17:00,Available on ACORN,11,20,False,IN_PERSON,,Cancelled (18/04/24)
HISB59H3F,LEC01,Summer 2025,MO,15:00,17:00,Available on ACORN,19,60,True,IN_PERSON,"deSouza, S.",
HISB59H3F,LEC01,Summer 2025,WE,15:00,17:00,Available on ACORN,19,60,True,IN_PERSON,"deSouza, S.",
HISC37H3F,LEC01,Summer 2025,MO,11:00,13:00,Available on ACORN,14,25,True,IN_PERSON,"Bariola Gonzales, N.",
HISC37H3F,LEC01,Summer 2025,WE,11:00,13:00,Available on ACORN,14,25,True,IN_PERSON,"Bariola Gonzales, N.",
HISC52H3F,LEC01,Summer 2025,TU,10:00,12:00,Available on ACORN,5,17,True,IN_PERSON,"Gervers, M.",
HISC52H3F,LEC01,Summer 2025,FR,10:00,12:00,Available on ACORN,5,17,True,IN_PERSON,"Gervers, M.",
HISC54H3F,LEC01,Summer 2025,TU,11:00,13:00,Available on ACORN,14,16,True,IN_PERSON,"Guo, Y.",
HISC54H3F,LEC01,Summer 2025,TH,11:00,13:00,Available on ACORN,14,16,True,IN_PERSON,"Guo, Y.",
HISD01H3Y,LEC01,Summer 2025,,,,Available on ACORN,1,9999,True,IN_PERSON,,
HISD02H3Y,LEC01,Summer 2025,,,,Available on ACORN,0,9999,True,IN_PERSON,,
HISD63H3F,LEC01,Summer 2025,TU,13:00,15:00,Available on ACORN,5,15,True,IN_PERSON,"Gervers, M.",
HISD63H3F,LEC01,Summer 2025,FR,13:00,15:00,Available on ACORN,5,15,True,IN_PERSON,"Gervers, M.",
HLTA02H3F,LEC01,Summer 2025,TU,09:00,11:00,Available on ACORN,113,120,True,IN_PERSON,"Bytautas, J.",
HLTA02H3F,LEC01,Summer 2025,WE,09:00,11:00,Available on ACORN,113,120,True,IN_PERSON,"Bytautas, J.",
HLTA02H3F,TUT0001,Summer 2025,WE,12:00,14:00,Available on ACORN,29,30,False,IN_PERSON,,
HLTA02H3F,TUT0002,Summer 2025,WE,14:00,16:00,Available on ACORN,28,30,False,IN_PERSON,,
HLTA02H3F,TUT0003,Summer 2025,WE,12:00,14:00,Available on ACORN,30,30,False,IN_PERSON,,
HLTA02H3F,TUT0004,Summer 2025,WE,14:00,16:00,Available on ACORN,25,30,False,IN_PERSON,,
HLTA03H3S,LEC01,Summer 2025,TU,09:00,11:00,Available on ACORN,77,80,True,IN_PERSON,"Colaco, K.",
HLTA03H3S,LEC01,Summer 2025,WE,09:00,11:00,Available on ACORN,77,80,True,IN_PERSON,"Colaco, K.",
HLTA03H3S,TUT0001,Summer 2025,WE,12:00,14:00,Available on ACORN,39,40,False,IN_PERSON,,
HLTA03H3S,TUT0002,Summer 2025,WE,14:00,16:00,Available on ACORN,36,40,False,IN_PERSON,,
HLTB15H3Y,LEC01,Summer 2025,TU,09:00,11:00,Available on ACORN,61,70,True,IN_PERSON,"Butler, S.",
HLTB15H3Y,TUT0001,Summer 2025,WE,13:00,14:00,Available on ACORN,28,35,False,IN_PERSON,,
HLTB15H3Y,TUT0002,Summer 2025,WE,14:00,15:00,Available on ACORN,33,35,False,IN_PERSON,,
HLTB16H3Y,LEC01,Summer 2025,TH,09:00,11:00,Available on ACORN,48,70,True,IN_PERSON,"Mbulaheni, T.",
HLTB16H3Y,TUT0001,Summer 2025,FR,09:00,10:00,Available on ACORN,22,35,False,IN_PERSON,,
HLTB16H3Y,TUT0002,Summer 2025,FR,10:00,11:00,Available on ACORN,26,35,False,IN_PERSON,,
HLTB22H3S,LEC01,Summer 2025,TU,15:00,17:00,Available on ACORN,35,40,True,IN_PERSON,"Colaco, K.",
HLTB22H3S,LEC01,Summer 2025,WE,15:00,17:00,Available on ACORN,35,40,True,IN_PERSON,"Colaco, K.",
HLTB22H3S,TUT0001,Summer 2025,TH,11:00,13:00,Available on ACORN,32,40,False,IN_PERSON,,
HLTB50H3Y,LEC01,Summer 2025,TU,12:00,14:00,Available on ACORN,87,105,True,ONLINE_SYNCHRONOUS,"Nair, A.",
HLTB50H3Y,TUT0001,Summer 2025,WE,15:00,16:00,Available on ACORN,28,30,False,ONLINE_SYNCHRONOUS,,
HLTB50H3Y,TUT0002,Summer 2025,WE,16:00,17:00,Available on ACORN,28,35,False,ONLINE_SYNCHRONOUS,,
HLTB50H3Y,TUT0003,Summer 2025,WE,19:00,20:00,Available on ACORN,30,35,False,ONLINE_SYNCHRONOUS,,
HLTC22H3Y,LEC01,Summer 2025,TH,19:00,21:00,Available on ACORN,64,70,True,IN_PERSON,"Marani, H.",
HLTC23H3Y,LEC01,Summer 2025,WE,09:00,11:00,Available on ACORN,71,90,True,IN_PERSON,"Ahmed, S.",
HLTC27H3Y,LEC01,Summer 2025,TH,14:00,16:00,Available on ACORN,55,60,True,IN_PERSON,"Hughes, S.",
HLTC27H3Y,TUT0001,Summer 2025,TH,17:00,18:00,Available on ACORN,28,30,False,IN_PERSON,,Room change (07/06/24)
HLTC27H3Y,TUT0002,Summer 2025,TH,18:00,19:00,Available on ACORN,27,30,False,IN_PERSON,,Room change (07/06/24)
HLTD01H3Y,LEC01,Summer 2025,,,,Available on ACORN,3,9999,True,IN_PERSON,,
HLTD22H3Y,LEC01,Summer 2025,WE,11:00,13:00,Available on ACORN,23,25,True,IN_PERSON,"Drakes, S.",
HLTD50H3Y,LEC01,Summer 2025,FR,12:00,14:00,Available on ACORN,24,25,True,IN_PERSON,"Jafine, H.",
HLTD71Y3Y,LEC01,Summer 2025,,,,Available on ACORN,1,9999,True,IN_PERSON,,
IDSA01H3Y,LEC01,Summer 2025,WE,11:00,13:00,Available on ACORN,96,200,True,ONLINE_SYNCHRONOUS,"Kocsis, J.",
IDSA01H3Y,TUT0001,Summer 2025,WE,13:00,14:00,Available on ACORN,31,40,False,ONLINE_SYNCHRONOUS,,
IDSA01H3Y,TUT0002,Summer 2025,WE,14:00,15:00,Available on ACORN,32,40,False,ONLINE_SYNCHRONOUS,,
IDSA01H3Y,TUT0003,Summer 2025,WE,15:00,16:00,Available on ACORN,20,40,False,ONLINE_SYNCHRONOUS,,
IDSA01H3Y,TUT0004,Summer 2025,WE,16:00,17:00,Available on ACORN,11,40,False,ONLINE_SYNCHRONOUS,,
IDSA01H3Y,TUT0005,Summer 2025,WE,10:00,11:00,Available on ACORN,0,40,False,ONLINE_SYNCHRONOUS,,
IDSD14H3Y,LEC01,Summer 2025,,,,Available on ACORN,0,9999,True,IN_PERSON,,
IDSD15H3Y,LEC01,Summer 2025,,,,Available on ACORN,0,9999,True,IN_PERSON,,
JOUB03H3Y,LEC01,Summer 2025,,,,Available onACORN,15,20,True,IN_PERSON,CENTENNIAL,See Centennial timetable for day/time/roominformation
JOUC13H3Y,LEC01,Summer 2025,,,,Available onACORN,15,20,True,IN_PERSON,CENTENNIAL,See Centennial timetable for day/time/roominformation
JOUC25H3S,LEC01,Summer 2025,,,,Available onACORN,15,20,True,IN_PERSON,CENTENNIAL,See Centennial timetable for day/time/roominformation
LGGA10H3F,LEC01,Summer 2025,TU,10:00,12:00,Available on ACORN,26,30,True,IN_PERSON,"Kim, H.",
LGGA10H3F,LEC01,Summer 2025,TH,10:00,12:00,Available on ACORN,26,30,True,IN_PERSON,"Kim, H.",
LGGA10H3F,LEC02,Summer 2025,TU,10:00,12:00,Available on ACORN,24,30,True,IN_PERSON,"Back, U.",
LGGA10H3F,LEC02,Summer 2025,TH,10:00,12:00,Available on ACORN,24,30,True,IN_PERSON,"Back, U.",
LGGA74H3F,LEC01,Summer 2025,TU,10:00,13:00,Available on ACORN,13,30,True,IN_PERSON,"Vivekanandan, P.",
LGGA74H3F,LEC01,Summer 2025,TH,10:00,13:00,Available on ACORN,13,30,True,IN_PERSON,"Vivekanandan, P.",
LGGA82Y3Y,LEC01,Summer 2025,TU,09:00,12:00,Available onACORN,27,30,True,IN_PERSON,"Kondo, M.",Friday room change(10/05/24)
LGGA82Y3Y,LEC01,Summer 2025,FR,09:00,12:00,Available onACORN,27,30,True,IN_PERSON,"Kondo, M.",Friday room change(10/05/24)
LGGA90Y3Y,LEC01,Summer 2025,TU,17:00,19:00,Available on ACORN,31,30,True,IN_PERSON,"Tapia Cruz, V.",
LGGA90Y3Y,LEC01,Summer 2025,TH,17:00,19:00,Available on ACORN,31,30,True,IN_PERSON,"Tapia Cruz, V.",
LGGA91Y3Y,LEC01,Summer 2025,MO,15:00,17:00,Available onACORN,23,30,True,IN_PERSON,"Elamroussy,A.",WE room change05/10/2024
LGGA91Y3Y,LEC01,Summer 2025,WE,15:00,17:00,Available onACORN,23,30,True,IN_PERSON,"Elamroussy,A.",WE room change05/10/2024
LGGC65H3S,LEC01,Summer 2025,,,,Available on ACORN,54,30,True,ONLINE_ASYNCHRONOUS,"Wu, H.",
LGGC65H3S,LEC02,Summer 2025,,,,Available on ACORN,32,30,True,ONLINE_ASYNCHRONOUS,"Wu, H.",
LINA01H3F,LEC01,Summer 2025,MO,12:00,14:00,Available on ACORN,484,650,True,ONLINE_SYNCHRONOUS,"Moghaddam, S.",
LINA01H3F,LEC01,Summer 2025,WE,12:00,14:00,Available on ACORN,484,650,True,ONLINE_SYNCHRONOUS,"Moghaddam, S.",
LINA01H3F,TUT0001,Summer 2025,,,,Available on ACORN,36,40,False,ONLINE_ASYNCHRONOUS,,
LINA01H3F,TUT0002,Summer 2025,,,,Available on ACORN,37,40,False,ONLINE_ASYNCHRONOUS,,
LINA01H3F,TUT0003,Summer 2025,,,,Available on ACORN,38,40,False,ONLINE_ASYNCHRONOUS,,
LINA01H3F,TUT0004,Summer 2025,,,,Available on ACORN,37,40,False,ONLINE_ASYNCHRONOUS,,
LINA01H3F,TUT0005,Summer 2025,,,,Available on ACORN,37,40,False,ONLINE_ASYNCHRONOUS,,
LINA01H3F,TUT0006,Summer 2025,,,,Available on ACORN,38,40,False,ONLINE_ASYNCHRONOUS,,
LINA01H3F,TUT0007,Summer 2025,,,,Available on ACORN,36,40,False,ONLINE_ASYNCHRONOUS,,
LINA01H3F,TUT0008,Summer 2025,,,,Available on ACORN,36,40,False,ONLINE_ASYNCHRONOUS,,
LINA01H3F,TUT0009,Summer 2025,,,,Available on ACORN,37,40,False,ONLINE_ASYNCHRONOUS,,
LINA01H3F,TUT0010,Summer 2025,,,,Available on ACORN,36,40,False,ONLINE_ASYNCHRONOUS,,
LINA01H3F,TUT0011,Summer 2025,,,,Available on ACORN,37,40,False,ONLINE_ASYNCHRONOUS,,
LINA01H3F,TUT0012,Summer 2025,,,,Available on ACORN,40,40,False,ONLINE_ASYNCHRONOUS,,
LINA01H3F,TUT0013,Summer 2025,,,,Available on ACORN,39,43,False,ONLINE_ASYNCHRONOUS,,
LINA02H3S,LEC01,Summer 2025,MO,12:00,14:00,Available on ACORN,177,200,True,ONLINE_SYNCHRONOUS,"Moghaddam, S.",
LINA02H3S,LEC01,Summer 2025,WE,12:00,14:00,Available on ACORN,177,200,True,ONLINE_SYNCHRONOUS,"Moghaddam, S.",
LINA02H3S,TUT0001,Summer 2025,,,,Available on ACORN,28,30,False,ONLINE_ASYNCHRONOUS,,
LINA02H3S,TUT0002,Summer 2025,,,,Available on ACORN,27,30,False,ONLINE_ASYNCHRONOUS,,
LINA02H3S,TUT0003,Summer 2025,,,,Available on ACORN,28,30,False,ONLINE_ASYNCHRONOUS,,
LINA02H3S,TUT0004,Summer 2025,,,,Available on ACORN,20,30,False,ONLINE_ASYNCHRONOUS,,
LINA02H3S,TUT0005,Summer 2025,,,,Available on ACORN,19,25,False,ONLINE_ASYNCHRONOUS,,
LINA02H3S,TUT0006,Summer 2025,,,,Available on ACORN,17,25,False,ONLINE_ASYNCHRONOUS,,
LINA02H3S,TUT0007,Summer 2025,,,,Available on ACORN,9,25,False,ONLINE_ASYNCHRONOUS,,
LINA02H3S,TUT0008,Summer 2025,,,,Available on ACORN,10,25,False,ONLINE_ASYNCHRONOUS,,
LINB06H3F,LEC01,Summer 2025,TU,13:00,15:00,Available on ACORN,48,100,True,IN_PERSON,"Milway, D.",
LINB06H3F,LEC01,Summer 2025,TH,13:00,15:00,Available on ACORN,48,100,True,IN_PERSON,"Milway, D.",
LINB09H3F,LEC01,Summer 2025,MO,15:00,17:00,Available on ACORN,34,70,True,IN_PERSON,"Craioveanu, R.",
LINB09H3F,LEC01,Summer 2025,WE,15:00,17:00,Available on ACORN,34,70,True,IN_PERSON,"Craioveanu, R.",
LINB09H3F,TUT0001,Summer 2025,MO,14:00,15:00,Available on ACORN,26,35,False,IN_PERSON,,
LINB09H3F,TUT0001,Summer 2025,WE,14:00,15:00,Available on ACORN,26,35,False,IN_PERSON,,
LINB09H3F,TUT0002,Summer 2025,MO,13:00,14:00,Available on ACORN,8,35,False,IN_PERSON,,
LINB09H3F,TUT0002,Summer 2025,WE,13:00,14:00,Available on ACORN,8,35,False,IN_PERSON,,
LINB18H3Y,LEC01,Summer 2025,,,,Available on ACORN,140,300,True,ONLINE_ASYNCHRONOUS,"Moghaddam, S.",
LINB18H3Y,TUT0001,Summer 2025,,,,Available on ACORN,39,45,False,ONLINE_ASYNCHRONOUS,,
LINB18H3Y,TUT0002,Summer 2025,,,,Available on ACORN,35,45,False,ONLINE_ASYNCHRONOUS,,
LINB18H3Y,TUT0003,Summer 2025,,,,Available on ACORN,38,45,False,ONLINE_ASYNCHRONOUS,,
LINB18H3Y,TUT0004,Summer 2025,,,,Available on ACORN,20,45,False,ONLINE_ASYNCHRONOUS,,
LINB60H3F,LEC01,Summer 2025,TU,16:00,18:00,Available on ACORN,40,50,True,ONLINE_SYNCHRONOUS,"Wang, R.",
LINB60H3F,LEC01,Summer 2025,TH,16:00,18:00,Available on ACORN,40,50,True,ONLINE_SYNCHRONOUS,"Wang, R.",
LINB98H3Y,LEC01,Summer 2025,,,,Available on ACORN,1,10,True,IN_PERSON,,
LINC61H3S,LEC01,Summer 2025,TU,15:00,17:00,Available on ACORN,31,40,True,IN_PERSON,"Takahashi, E.",
LINC61H3S,LEC01,Summer 2025,TH,15:00,17:00,Available on ACORN,31,40,True,IN_PERSON,"Takahashi, E.",
LIND01H3Y,LEC01,Summer 2025,,,,Available on ACORN,0,9999,True,IN_PERSON,,
LIND02H3Y,LEC01,Summer 2025,,,,Available on ACORN,0,9999,True,IN_PERSON,,
LIND03H3Y,LEC01,Summer 2025,,,,Available on ACORN,0,9999,True,IN_PERSON,,
MATA22H3Y,LEC01,Summer 2025,WE,10:00,11:00,Available on ACORN,97,300,True,IN_PERSON,"Kielstra, T.",
MATA22H3Y,LEC01,Summer 2025,FR,10:00,12:00,Available on ACORN,97,300,True,IN_PERSON,"Kielstra, T.",
MATA22H3Y,TUT0001,Summer 2025,TH,14:00,16:00,Available on ACORN,17,34,False,IN_PERSON,,
MATA22H3Y,TUT0002,Summer 2025,WE,15:00,17:00,Available on ACORN,18,34,False,IN_PERSON,,Room change (09/05/24)
MATA22H3Y,TUT0003,Summer 2025,TU,14:00,16:00,Available on ACORN,18,34,False,IN_PERSON,,
MATA22H3Y,TUT0004,Summer 2025,FR,12:00,14:00,Available on ACORN,24,34,False,IN_PERSON,,
MATA22H3Y,TUT0005,Summer 2025,TH,17:00,19:00,Available on ACORN,20,34,False,IN_PERSON,,
MATA23H3Y,LEC01,Summer 2025,WE,11:00,12:00,Available on ACORN,40,80,True,IN_PERSON,"Breuss, N.",
MATA23H3Y,LEC01,Summer 2025,FR,10:00,12:00,Available on ACORN,40,80,True,IN_PERSON,"Breuss, N.",
MATA23H3Y,TUT0001,Summer 2025,MO,12:00,13:00,Available on ACORN,16,34,False,IN_PERSON,,
MATA23H3Y,TUT0002,Summer 2025,MO,13:00,14:00,Available on ACORN,24,34,False,IN_PERSON,,
MATA34H3Y,LEC01,Summer 2025,TU,13:00,14:00,Available on ACORN,44,230,True,IN_PERSON,"Hart, E.",
MATA34H3Y,LEC01,Summer 2025,TH,13:00,15:00,Available on ACORN,44,230,True,IN_PERSON,"Hart, E.",
MATA34H3Y,TUT0001,Summer 2025,MO,10:00,11:00,Available on ACORN,3,34,False,IN_PERSON,,
MATA34H3Y,TUT0005,Summer 2025,TH,15:00,16:00,Available on ACORN,28,34,False,IN_PERSON,,
MATA34H3Y,TUT0006,Summer 2025,FR,13:00,14:00,Available on ACORN,12,34,False,IN_PERSON,,
MATA35H3Y,LEC01,Summer 2025,WE,12:00,14:00,Available on ACORN,45,86,True,IN_PERSON,"Breuss, N.",
MATA35H3Y,LEC01,Summer 2025,FR,12:00,13:00,Available on ACORN,45,86,True,IN_PERSON,"Breuss, N.",
MATA35H3Y,TUT0001,Summer 2025,WE,15:00,16:00,Available on ACORN,23,34,False,IN_PERSON,,
MATA35H3Y,TUT0002,Summer 2025,FR,13:00,14:00,Available on ACORN,15,34,False,IN_PERSON,,
MATA35H3Y,TUT0003,Summer 2025,FR,11:00,12:00,Available on ACORN,7,34,False,IN_PERSON,,
MATA36H3Y,LEC01,Summer 2025,MO,11:00,13:00,Available on ACORN,56,135,True,IN_PERSON,"Hart, E.",
MATA36H3Y,LEC01,Summer 2025,TH,12:00,13:00,Available on ACORN,56,135,True,IN_PERSON,"Hart, E.",
MATA36H3Y,TUT0001,Summer 2025,MO,13:00,14:00,Available on ACORN,23,34,False,IN_PERSON,,
MATA36H3Y,TUT0002,Summer 2025,FR,13:00,14:00,Available on ACORN,12,34,False,IN_PERSON,,
MATA36H3Y,TUT0004,Summer 2025,MO,15:00,16:00,Available on ACORN,21,34,False,IN_PERSON,,
MATA37H3Y,LEC01,Summer 2025,TU,16:00,17:00,Available on ACORN,137,200,True,IN_PERSON,"Smith, K.",
MATA37H3Y,LEC01,Summer 2025,TH,15:00,17:00,Available on ACORN,137,200,True,IN_PERSON,"Smith, K.",
MATA37H3Y,TUT0001,Summer 2025,FR,13:00,15:00,Available on ACORN,13,34,False,IN_PERSON, ,
MATA37H3Y,TUT0002,Summer 2025,MO,13:00,15:00,Available on ACORN,11,34,False,IN_PERSON, ,
MATA37H3Y,TUT0003,Summer 2025,TU,11:00,13:00,Available on ACORN,31,34,False,IN_PERSON, ,
MATA37H3Y,TUT0004,Summer 2025,TH,11:00,13:00,Available on ACORN,31,34,False,IN_PERSON, ,
MATA37H3Y,TUT0005,Summer 2025,TU,17:00,19:00,Available on ACORN,23,34,False,IN_PERSON, ,
MATA37H3Y,TUT0006,Summer 2025,TU,18:00,20:00,Available on ACORN,28,34,False,IN_PERSON,,
MATA67H3Y,LEC01,Summer 2025,MO,15:00,17:00,Available on ACORN,24,50,True,IN_PERSON,"Meskar, E.",
MATA67H3Y,LEC01,Summer 2025,FR,14:00,15:00,Available on ACORN,24,50,True,IN_PERSON,"Meskar, E.",
MATA67H3Y,TUT0001,Summer 2025,WE,11:00,12:00,Available on ACORN,5,8,False,IN_PERSON,,
MATA67H3Y,TUT0002,Summer 2025,WE,16:00,17:00,Available on ACORN,7,16,False,IN_PERSON,,
MATA67H3Y,TUT0003,Summer 2025,TH,10:00,11:00,Available on ACORN,9,16,False,IN_PERSON,,
MATA67H3Y,TUT0004,Summer 2025,TH,17:00,18:00,Available on ACORN,3,12,False,IN_PERSON,,
MATB24H3Y,LEC01,Summer 2025,WE,10:00,11:00,Available on ACORN,117,129,True,IN_PERSON,"Memarpanahi, P.",
MATB24H3Y,LEC01,Summer 2025,FR,10:00,12:00,Available on ACORN,117,129,True,IN_PERSON,"Memarpanahi, P.",
MATB24H3Y,LEC02,Summer 2025,WE,15:00,17:00,Available on ACORN,53,127,True,IN_PERSON,"Memarpanahi, P.",
MATB24H3Y,LEC02,Summer 2025,FR,14:00,15:00,Available on ACORN,53,127,True,IN_PERSON,"Memarpanahi, P.",
MATB24H3Y,TUT0001,Summer 2025,MO,15:00,17:00,Available on ACORN,32,34,False,IN_PERSON,,
MATB24H3Y,TUT0002,Summer 2025,TU,17:00,19:00,Available on ACORN,31,34,False,IN_PERSON,,
MATB24H3Y,TUT0003,Summer 2025,WE,11:00,13:00,Available on ACORN,21,34,False,IN_PERSON,,
MATB24H3Y,TUT0004,Summer 2025,WE,13:00,15:00,Available on ACORN,22,34,False,IN_PERSON,,
MATB24H3Y,TUT0005,Summer 2025,FR,12:00,14:00,Available on ACORN,31,34,False,IN_PERSON,,
MATB24H3Y,TUT0006,Summer 2025,TU,17:00,19:00,Available on ACORN,10,34,False,IN_PERSON,,
MATB24H3Y,TUT0007,Summer 2025,TH,19:00,21:00,Available on ACORN,23,34,False,IN_PERSON,,
MATB41H3Y,LEC01,Summer 2025,TU,19:00,20:00,Available on ACORN,142,185,True,IN_PERSON,"Hessami Pilehrood, T.",
MATB41H3Y,LEC01,Summer 2025,TH,17:00,19:00,Available on ACORN,142,185,True,IN_PERSON,"Hessami Pilehrood, T.",
MATB41H3Y,TUT0002,Summer 2025,TU,16:00,17:00,Available on ACORN,33,35,False,IN_PERSON,,
MATB41H3Y,TUT0003,Summer 2025,FR,12:00,13:00,Available on ACORN,30,35,False,IN_PERSON,,
MATB41H3Y,TUT0004,Summer 2025,MO,11:00,12:00,Available on ACORN,23,35,False,IN_PERSON,,
MATB41H3Y,TUT0005,Summer 2025,TU,18:00,19:00,Available on ACORN,25,35,False,IN_PERSON,,
MATB41H3Y,TUT0006,Summer 2025,TH,19:00,20:00,Available on ACORN,28,35,False,IN_PERSON,,
MATB42H3Y,LEC01,Summer 2025,TU,09:00,10:00,Available on ACORN,33,120,True,IN_PERSON,"Ye, K.",
MATB42H3Y,LEC01,Summer 2025,TH,09:00,11:00,Available on ACORN,33,120,True,IN_PERSON,"Ye, K.",
MATB42H3Y,TUT0002,Summer 2025,TU,16:00,18:00,Available on ACORN,21,35,False,IN_PERSON,,
MATB42H3Y,TUT0003,Summer 2025,FR,12:00,14:00,Available on ACORN,12,35,False,IN_PERSON,,
MATC01H3Y,LEC01,Summer 2025,MO,16:00,17:00,Available on ACORN,31,60,True,IN_PERSON,"Smith, K.",
MATC01H3Y,LEC01,Summer 2025,WE,15:00,17:00,Available on ACORN,31,60,True,IN_PERSON,"Smith, K.",
MATC01H3Y,TUT0001,Summer 2025,MO,15:00,16:00,Available on ACORN,17,35,False,IN_PERSON,,
MATC01H3Y,TUT0002,Summer 2025,TH,13:00,14:00,Available on ACORN,14,35,False,IN_PERSON,,
MATD92H3Y,LEC01,Summer 2025,,,,Available on ACORN,0,9999,True,IN_PERSON,,
MATD93H3Y,LEC01,Summer 2025,,,,Available on ACORN,0,9999,True,IN_PERSON,,
MATD94H3Y,LEC01,Summer 2025,,,,Available on ACORN,7,9999,True,IN_PERSON,,
MATD95H3Y,LEC01,Summer 2025,,,,Available on ACORN,1,9999,True,IN_PERSON,"Smith, K.",
MDSA01H3F,LEC01,Summer 2025,MO,15:00,17:00,Available on ACORN,321,350,True,ONLINE_SYNCHRONOUS,"Visan, L.",
MDSA01H3F,LEC01,Summer 2025,WE,15:00,17:00,Available on ACORN,321,350,True,ONLINE_SYNCHRONOUS,"Visan, L.",
MDSB61H3F,LEC01,Summer 2025,TU,16:00,18:00,Available on ACORN,86,120,True,IN_PERSON,"Visan, L.",
MDSB61H3F,LEC01,Summer 2025,TH,16:00,18:00,Available on ACORN,86,120,True,IN_PERSON,"Visan, L.",
MDSC41H3S,LEC01,Summer 2025,MO,12:00,14:00,Available on ACORN,72,75,True,ONLINE_SYNCHRONOUS,"Park, J.",
MDSC41H3S,LEC01,Summer 2025,WE,12:00,14:00,Available on ACORN,72,75,True,ONLINE_SYNCHRONOUS,"Park, J.",
MDSC65H3F,LEC01,Summer 2025,TU,10:00,12:00,Available on ACORN,97,100,True,ONLINE_SYNCHRONOUS,"Ross, A.",
MDSC65H3F,LEC01,Summer 2025,TH,10:00,12:00,Available on ACORN,97,100,True,ONLINE_SYNCHRONOUS,"Ross, A.",
MDSC66H3F,LEC01,Summer 2025,MO,12:00,14:00,Available on ACORN,95,100,True,ONLINE_SYNCHRONOUS,"Visan, L.",
MDSC66H3F,LEC01,Summer 2025,WE,12:00,14:00,Available on ACORN,95,100,True,ONLINE_SYNCHRONOUS,"Visan, L.",
MDSD01H3F,LEC01,Summer 2025,WE,10:00,12:00,Available onACORN,35,35,True,,"Bhatia, A.",Delivery mode changed30/04/24Course is fully online.
MDSD01H3F,LEC01,Summer 2025,FR,10:00,12:00,Available onACORN,35,35,True,,"Bhatia, A.",Delivery mode changed30/04/24Course is fully online.
MGAB02H3F,LEC01,Summer 2025,TU,09:00,11:00,Available on ACORN,38,60,True,IN_PERSON,"Chen, L.",
MGAB02H3F,LEC01,Summer 2025,TH,09:00,11:00,Available on ACORN,38,60,True,IN_PERSON,"Chen, L.",
MGAB02H3F,TUT0001,Summer 2025,FR,10:00,11:00,Available on ACORN,33,60,False,IN_PERSON,,
MGAB03H3F,LEC02,Summer 2025,TU,11:00,13:00,Available on ACORN,53,63,True,IN_PERSON,"Chen, L.",
MGAB03H3F,LEC02,Summer 2025,TH,11:00,13:00,Available on ACORN,53,63,True,IN_PERSON,"Chen, L.",
MGAB03H3F,LEC03,Summer 2025,TU,15:00,17:00,Available on ACORN,60,63,True,IN_PERSON,"Chen, L.",
MGAB03H3F,LEC03,Summer 2025,TH,15:00,17:00,Available on ACORN,60,63,True,IN_PERSON,"Chen, L.",
MGAB03H3F,TUT0002,Summer 2025,FR,12:00,14:00,Available on ACORN,45,60,False,IN_PERSON,,
MGAB03H3F,TUT0003,Summer 2025,FR,10:00,12:00,Available on ACORN,57,60,False,IN_PERSON,,
MGAC01H3Y,LEC01,Summer 2025,MO,13:00,15:00,Available on ACORN,22,40,True,IN_PERSON,"Quan Fun, G.",
MGAC01H3Y,TUT0001,Summer 2025,FR,13:00,15:00,Available on ACORN,17,40,False,IN_PERSON,,
MGAC02H3Y,LEC01,Summer 2025,TU,12:00,14:00,Available on ACORN,35,41,True,IN_PERSON,"Kong, D.",
MGAC02H3Y,TUT0001,Summer 2025,TU,17:00,19:00,Available on ACORN,29,41,False,IN_PERSON,,
MGAC03H3Y,LEC01,Summer 2025,WE,11:00,13:00,Available on ACORN,19,40,True,IN_PERSON,"Quan Fun, G.",
MGAC03H3Y,TUT0001,Summer 2025,TH,11:00,13:00,Available on ACORN,13,80,False,IN_PERSON,,
MGAC70H3Y,LEC01,Summer 2025,MO,15:00,17:00,Available on ACORN,32,40,True,IN_PERSON,"Kong, D.",
MGAD40H3Y,LEC01,Summer 2025,MO,09:00,11:00,Available on ACORN,31,40,True,IN_PERSON,"Kong, D.",
MGAD45H3Y,LEC01,Summer 2025,MO,11:00,13:00,Available on ACORN,22,40,True,IN_PERSON,"Kong, D.",
MGAD50H3Y,LEC01,Summer 2025,WE,09:00,11:00,Available on ACORN,17,40,True,IN_PERSON,"Quan Fun, G.",
MGAD65H3Y,LEC01,Summer 2025,TH,19:00,22:00,Available on ACORN,20,60,True,IN_PERSON,"Phung, P./ Ratnam, S.",
MGAD70H3Y,LEC01,Summer 2025,MO,13:00,15:00,Available on ACORN,21,30,True,IN_PERSON,"Kong, D.",
MGEA02H3Y,LEC01,Summer 2025,TH,09:00,12:00,Available on ACORN,101,120,True,IN_PERSON,"Parkinson, J.",
MGEA06H3Y,LEC01,Summer 2025,WE,14:00,17:00,Available on ACORN,70,120,True,IN_PERSON,"Au, I.",
MGEB02H3Y,LEC01,Summer 2025,TU,09:00,12:00,Available on ACORN,68,80,True,IN_PERSON,"Mazaheri, A.",
MGEB02H3Y,LEC02,Summer 2025,TU,14:00,17:00,Available on ACORN,68,80,True,IN_PERSON,"Mazaheri, A.",
MGEB02H3Y,LEC03,Summer 2025,TU,17:00,20:00,Available on ACORN,60,80,True,IN_PERSON,"Turner, L.",
MGEB02H3Y,TUT0001,Summer 2025,WE,15:00,17:00,Available on ACORN,138,160,False,IN_PERSON,,
MGEB06H3Y,LEC01,Summer 2025,FR,09:00,12:00,Available on ACORN,68,80,True,IN_PERSON,"Parkinson, J.",
MGEB06H3Y,LEC02,Summer 2025,TH,14:00,17:00,Available on ACORN,71,80,True,IN_PERSON,"Parkinson, J.",
MGEB11H3Y,LEC01,Summer 2025,FR,12:00,15:00,Available on ACORN,103,120,True,IN_PERSON,"Yu, V.",
MGEB12H3Y,LEC01,Summer 2025,FR,09:00,12:00,Available on ACORN,53,80,True,IN_PERSON,"Mazaheri, A.",
MGEB12H3Y,LEC02,Summer 2025,FR,12:00,15:00,Available on ACORN,73,80,True,IN_PERSON,"Mazaheri, A.",
MGEC02H3Y,LEC01,Summer 2025,WE,09:00,12:00,Available on ACORN,50,60,True,IN_PERSON,"Mazaheri, A.",
MGEC06H3Y,LEC01,Summer 2025,TH,09:00,12:00,Available on ACORN,50,60,True,IN_PERSON,"Mazaheri, A.",
MGEC11H3Y,LEC01,Summer 2025,TH,13:00,15:00,Available on ACORN,35,40,True,IN_PERSON,"Yu, V.",
MGEC40H3Y,LEC02,Summer 2025,MO,15:00,17:00,Available on ACORN,49,60,True,IN_PERSON,"Parkinson, J.",
MGEC41H3Y,LEC01,Summer 2025,TU,09:00,11:00,Available on ACORN,12,60,True,IN_PERSON,"Parkinson, J.",
MGEC61H3Y,LEC01,Summer 2025,TU,11:00,13:00,Available on ACORN,24,60,True,IN_PERSON,"Au, I.",
MGEC61H3Y,LEC02,Summer 2025,TU,13:00,15:00,Available on ACORN,29,60,True,IN_PERSON,"Au, I.",
MGEC71H3Y,LEC01,Summer 2025,MO,10:00,12:00,Available on ACORN,33,60,True,IN_PERSON,"Parkinson, J.",
MGEC71H3Y,LEC02,Summer 2025,WE,13:00,15:00,Available on ACORN,40,60,True,IN_PERSON,"Parkinson, J.",
MGEC93H3Y,LEC01,Summer 2025,FR,09:00,11:00,Available on ACORN,51,60,True,IN_PERSON,"Au, I.",
MGED90H3Y,LEC01,Summer 2025,,,,Available on ACORN,0,9999,True,IN_PERSON,,
MGED91H3Y,LEC01,Summer 2025,,,,Available on ACORN,0,9999,True,IN_PERSON,,
MGFB10H3F,LEC01,Summer 2025,TU,09:00,11:00,Available on ACORN,29,60,True,IN_PERSON,"Ahmed, S.",
MGFB10H3F,LEC01,Summer 2025,TH,09:00,11:00,Available on ACORN,29,60,True,IN_PERSON,"Ahmed, S.",
MGFB10H3F,LEC02,Summer 2025,TU,12:00,14:00,Available on ACORN,49,60,True,IN_PERSON,"Ahmed, S.",
MGFB10H3F,LEC02,Summer 2025,TH,12:00,14:00,Available on ACORN,49,60,True,IN_PERSON,"Ahmed, S.",
MGFC10H3S,LEC01,Summer 2025,TU,09:00,11:00,Available on ACORN,62,63,True,IN_PERSON,"Ahmed, S.",
MGFC10H3S,LEC01,Summer 2025,TH,09:00,11:00,Available on ACORN,62,63,True,IN_PERSON,"Ahmed, S.",
MGFC10H3S,LEC02,Summer 2025,TU,13:00,15:00,Available on ACORN,57,63,True,IN_PERSON,"Ahmed, S.",
MGFC10H3S,LEC02,Summer 2025,TH,13:00,15:00,Available on ACORN,57,63,True,IN_PERSON,"Ahmed, S.",
MGFC20H3S,LEC01,Summer 2025,MO,13:00,15:00,Available on ACORN,37,42,True,IN_PERSON,"Ahmed, S.",
MGFC20H3S,LEC01,Summer 2025,WE,13:00,15:00,Available on ACORN,37,42,True,IN_PERSON,"Ahmed, S.",
MGFD15H3S,LEC01,Summer 2025,TU,12:00,14:00,Available on ACORN,42,60,True,IN_PERSON,"Ansari, R./ Mir, U./ Zhao, Y.",
MGFD15H3S,LEC01,Summer 2025,TH,12:00,14:00,Available on ACORN,42,60,True,IN_PERSON,"Ansari, R./ Mir, U./ Zhao, Y.",
MGHA12H3S,LEC01,Summer 2025,TU,11:00,13:00,Available on ACORN,45,60,True,IN_PERSON,"Syed, I.",
MGHA12H3S,LEC01,Summer 2025,TH,11:00,13:00,Available on ACORN,45,60,True,IN_PERSON,"Syed, I.",
MGHA12H3S,LEC02,Summer 2025,TU,15:00,17:00,Available on ACORN,43,60,True,IN_PERSON,"Syed, I.",
MGHA12H3S,LEC02,Summer 2025,TH,15:00,17:00,Available on ACORN,43,60,True,IN_PERSON,"Syed, I.",
MGHB02H3F,LEC01,Summer 2025,TU,11:00,13:00,Available on ACORN,47,64,True,IN_PERSON,"Hansen, S.",
MGHB02H3F,LEC01,Summer 2025,TH,11:00,13:00,Available on ACORN,47,64,True,IN_PERSON,"Hansen, S.",
MGHB02H3F,LEC02,Summer 2025,TU,13:00,15:00,Available on ACORN,53,64,True,IN_PERSON,"Hansen, S.",
MGHB02H3F,LEC02,Summer 2025,TH,13:00,15:00,Available on ACORN,53,64,True,IN_PERSON,"Hansen, S.",
MGHC02H3F,LEC01,Summer 2025,MO,11:00,13:00,Available on ACORN,38,40,True,IN_PERSON,"Wilfred, S.",
MGHC02H3F,LEC01,Summer 2025,WE,11:00,13:00,Available on ACORN,38,40,True,IN_PERSON,"Wilfred, S.",
MGHC02H3F,LEC02,Summer 2025,MO,13:00,15:00,Available on ACORN,39,40,True,IN_PERSON,"Syed, I.",
MGHC02H3F,LEC02,Summer 2025,WE,13:00,15:00,Available on ACORN,39,40,True,IN_PERSON,"Syed, I.",
MGHC02H3F,LEC03,Summer 2025,MO,15:00,17:00,Available on ACORN,17,40,False,IN_PERSON,"Syed, I.",
MGHC02H3F,LEC03,Summer 2025,WE,15:00,17:00,Available on ACORN,17,40,False,IN_PERSON,"Syed, I.",
MGIB01H3Y,LEC01,Summer 2025,TU,11:00,13:00,Available on ACORN,15,40,True,IN_PERSON,"Dewan, T.",
MGIB01H3Y,LEC02,Summer 2025,TU,13:00,15:00,Available on ACORN,21,40,True,IN_PERSON,"Dewan, T.",
MGMB01H3Y,LEC01,Summer 2025,TH,11:00,13:00,Available on ACORN,36,42,True,IN_PERSON,"Dewan, T.",
MGMB01H3Y,LEC02,Summer 2025,WE,13:00,15:00,Available on ACORN,39,42,True,IN_PERSON,"Dewan, T.",
MGMB01H3Y,LEC03,Summer 2025,TH,13:00,15:00,Available on ACORN,37,42,True,IN_PERSON,"Dewan, T.",
MGMB01H3Y,LEC04,Summer 2025,WE,15:00,17:00,Available on ACORN,0,40,True,IN_PERSON,"Dewan, T.",
MGMC02H3S,LEC01,Summer 2025,MO,09:00,11:00,Available on ACORN,34,35,True,IN_PERSON,"McConkey, W.",
MGMC02H3S,LEC01,Summer 2025,WE,09:00,11:00,Available on ACORN,34,35,True,IN_PERSON,"McConkey, W.",
MGMC11H3S,LEC01,Summer 2025,MO,11:00,13:00,Available on ACORN,42,42,True,IN_PERSON,"McConkey, W.",
MGMC11H3S,LEC01,Summer 2025,WE,11:00,13:00,Available on ACORN,42,42,True,IN_PERSON,"McConkey, W.",
MGMC12H3F,LEC01,Summer 2025,TU,13:00,15:00,Available on ACORN,36,42,True,IN_PERSON,"Aggarwal, P.",
MGMC12H3F,LEC01,Summer 2025,TH,13:00,15:00,Available on ACORN,36,42,True,IN_PERSON,"Aggarwal, P.",
MGMD10H3F,LEC01,Summer 2025,TU,11:00,13:00,Available on ACORN,19,20,True,IN_PERSON,"Aggarwal, P.",
MGMD10H3F,LEC01,Summer 2025,TH,11:00,13:00,Available on ACORN,19,20,True,IN_PERSON,"Aggarwal, P.",
MGMD21H3Y,LEC01,Summer 2025,WE,11:00,13:00,Available on ACORN,21,20,True,IN_PERSON,"Dewan, T.",
MGOC10H3F,LEC01,Summer 2025,TU,13:00,15:00,Available on ACORN,61,65,True,IN_PERSON,"Quan, V.",
MGOC10H3F,LEC01,Summer 2025,TH,13:00,15:00,Available on ACORN,61,65,True,IN_PERSON,"Quan, V.",
MGOC10H3F,LEC02,Summer 2025,TU,15:00,17:00,Available on ACORN,56,65,True,IN_PERSON,"Quan, V.",
MGOC10H3F,LEC02,Summer 2025,TH,15:00,17:00,Available on ACORN,56,65,True,IN_PERSON,"Quan, V.",
MGOC15H3F,LEC01,Summer 2025,TU,13:00,15:00,Available on ACORN,34,40,True,IN_PERSON,"Cire, A.",
MGOC15H3F,LEC01,Summer 2025,TH,13:00,15:00,Available on ACORN,34,40,True,IN_PERSON,"Cire, A.",
MGOC20H3S,LEC01,Summer 2025,TU,13:00,15:00,Available on ACORN,61,63,True,IN_PERSON,"McConkey, W.",
MGOC20H3S,LEC01,Summer 2025,TH,13:00,15:00,Available on ACORN,61,63,True,IN_PERSON,"McConkey, W.",
MGOC20H3S,LEC02,Summer 2025,TU,15:00,17:00,Available on ACORN,61,63,True,IN_PERSON,"McConkey, W.",
MGOC20H3S,LEC02,Summer 2025,TH,15:00,17:00,Available on ACORN,61,63,True,IN_PERSON,"McConkey, W.",
MGOD31H3S,LEC01,Summer 2025,TU,13:00,15:00,Available on ACORN,18,30,True,IN_PERSON,"Cire, A.",
MGOD31H3S,LEC01,Summer 2025,TH,13:00,15:00,Available on ACORN,18,30,True,IN_PERSON,"Cire, A.",
MGSC01H3F,LEC01,Summer 2025,TU,15:00,17:00,Available on ACORN,32,42,True,IN_PERSON,"Olatoye, F.",
MGSC01H3F,LEC01,Summer 2025,TH,15:00,17:00,Available on ACORN,32,42,True,IN_PERSON,"Olatoye, F.",
MGSC14H3F,LEC01,Summer 2025,TU,17:00,19:00,Available on ACORN,59,65,True,IN_PERSON,"Constantinou, P.",
MGSC14H3F,LEC01,Summer 2025,TH,17:00,19:00,Available on ACORN,59,65,True,IN_PERSON,"Constantinou, P.",
MGSC30H3Y,LEC01,Summer 2025,TH,17:00,19:00,Available on ACORN,45,60,True,IN_PERSON,"Meng, J.",
MGSD01H3F,LEC01,Summer 2025,TU,17:00,19:00,Available on ACORN,9,20,True,IN_PERSON,"Guiyab, J.",
MGSD01H3F,LEC01,Summer 2025,TH,17:00,19:00,Available on ACORN,9,20,True,IN_PERSON,"Guiyab, J.",
MGSD40H3S,LEC01,Summer 2025,TU,15:00,17:00,Available on ACORN,21,40,True,IN_PERSON,"Yazdanian, E.",
MGSD40H3S,LEC01,Summer 2025,TH,15:00,17:00,Available on ACORN,21,40,True,IN_PERSON,"Yazdanian, E.",
MGTA01H3Y,LEC01,Summer 2025,MO,11:00,13:00,Available on ACORN,134,250,True,ONLINE_SYNCHRONOUS,"Toor, A.",
MGTA02H3Y,LEC01,Summer 2025,WE,11:00,13:00,Available on ACORN,47,80,True,ONLINE_SYNCHRONOUS,"Toor, A.",
MGTA38H3Y,LEC01,Summer 2025,WE,15:00,17:00,Available on ACORN,18,30,True,IN_PERSON,"Shibaeva, M.",
MGTA38H3Y,TUT0001,Summer 2025,FR,11:00,13:00,Available on ACORN,17,30,False,IN_PERSON,,
MGTD80H3Y,LEC01,Summer 2025,,,,Available on ACORN,1,9999,True,IN_PERSON,,
MGTD82Y3Y,LEC01,Summer 2025,,,,Available on ACORN,0,9999,True,IN_PERSON,,
MUZA99H3F,LEC01,Summer 2025,TU,13:00,15:00,Available on ACORN,383,500,True,ONLINE_SYNCHRONOUS,"Jacobs, Q.",
MUZA99H3F,LEC01,Summer 2025,TH,13:00,15:00,Available on ACORN,383,500,True,ONLINE_SYNCHRONOUS,"Jacobs, Q.",
NROB60H3Y,LEC01,Summer 2025,WE,13:00,15:00,Available on ACORN,57,75,True,IN_PERSON,"Bercovici, D.",
NROB60H3Y,PRA0001,Summer 2025,FR,09:00,11:00,Available on ACORN,20,25,False,IN_PERSON,,
NROB60H3Y,PRA0002,Summer 2025,FR,11:00,13:00,Available on ACORN,17,25,False,IN_PERSON,,
NROB60H3Y,PRA0003,Summer 2025,FR,13:00,15:00,Available on ACORN,20,25,False,IN_PERSON,,
NROB61H3Y,LEC01,Summer 2025,WE,09:00,11:00,Available on ACORN,59,60,True,IN_PERSON,"Bercovici, D.",
NROB61H3Y,PRA0001,Summer 2025,TH,09:00,12:00,Available on ACORN,13,15,False,IN_PERSON,,
NROB61H3Y,PRA0002,Summer 2025,TH,12:00,15:00,Available on ACORN,17,15,False,IN_PERSON,,
NROB61H3Y,PRA0003,Summer 2025,TH,15:00,18:00,Available on ACORN,13,15,False,IN_PERSON,,
NROB61H3Y,PRA0004,Summer 2025,TH,18:00,21:00,Available on ACORN,16,15,False,IN_PERSON,,
PHLB06H3Y,LEC01,Summer 2025,MO,11:00,14:00,Available on ACORN,60,100,True,IN_PERSON,"Lavigne, A.",
PHLB12H3S,LEC01,Summer 2025,TU,13:00,16:00,Available on ACORN,50,100,True,IN_PERSON,"Drusda, A.",
PHLB12H3S,LEC01,Summer 2025,TH,13:00,16:00,Available on ACORN,50,100,True,IN_PERSON,"Drusda, A.",
PHLB30H3F,LEC01,Summer 2025,WE,12:00,15:00,Available on ACORN,87,100,True,ONLINE_SYNCHRONOUS,"Gustafson, A.",
PHLB30H3F,LEC01,Summer 2025,FR,12:00,15:00,Available on ACORN,87,100,True,ONLINE_SYNCHRONOUS,"Gustafson, A.",
PHLB55H3F,LEC01,Summer 2025,TU,10:00,12:00,Available on ACORN,95,120,True,ONLINE_SYNCHRONOUS,"Doppenberg, A.",
PHLB55H3F,LEC01,Summer 2025,TH,10:00,12:00,Available on ACORN,95,120,True,ONLINE_SYNCHRONOUS,"Doppenberg, A.",
PHLB55H3F,TUT0001,Summer 2025,TU,16:00,17:00,Available on ACORN,27,30,False,ONLINE_SYNCHRONOUS,,
PHLB55H3F,TUT0001,Summer 2025,TH,16:00,17:00,Available on ACORN,27,30,False,ONLINE_SYNCHRONOUS,,
PHLB55H3F,TUT0002,Summer 2025,TU,16:00,17:00,Available on ACORN,21,30,False,ONLINE_SYNCHRONOUS,,
PHLB55H3F,TUT0002,Summer 2025,TH,16:00,17:00,Available on ACORN,21,30,False,ONLINE_SYNCHRONOUS,,
PHLB55H3F,TUT0003,Summer 2025,TU,17:00,18:00,Available on ACORN,23,30,False,ONLINE_SYNCHRONOUS,,
PHLB55H3F,TUT0003,Summer 2025,TH,17:00,18:00,Available on ACORN,23,30,False,ONLINE_SYNCHRONOUS,,
PHLB55H3F,TUT0004,Summer 2025,TU,17:00,18:00,Available on ACORN,20,30,False,ONLINE_SYNCHRONOUS,,
PHLB55H3F,TUT0004,Summer 2025,TH,17:00,18:00,Available on ACORN,20,30,False,ONLINE_SYNCHRONOUS,,
PHLC10H3S,LEC01,Summer 2025,WE,12:00,15:00,Available on ACORN,46,50,True,ONLINE_SYNCHRONOUS,"Shoemaker, E.",
PHLC10H3S,LEC01,Summer 2025,FR,12:00,15:00,Available on ACORN,46,50,True,ONLINE_SYNCHRONOUS,"Shoemaker, E.",
PHLC93H3F,LEC01,Summer 2025,TU,13:00,16:00,Available on ACORN,35,50,True,ONLINE_SYNCHRONOUS,"Shoemaker, E.",
PHLC93H3F,LEC01,Summer 2025,TH,13:00,16:00,Available on ACORN,35,50,True,ONLINE_SYNCHRONOUS,"Shoemaker, E.",
PHLD90H3Y,LEC01,Summer 2025,,,,Available on ACORN,0,9999,True,IN_PERSON,,
PHLD91H3Y,LEC01,Summer 2025,,,,Available on ACORN,0,9999,True,IN_PERSON,,
PHLD92H3Y,LEC01,Summer 2025,,,,Available on ACORN,0,9999,True,IN_PERSON,,
PHLD93H3Y,LEC01,Summer 2025,,,,Available on ACORN,0,9999,True,IN_PERSON,,
PHLD94H3Y,LEC01,Summer 2025,,,,Available on ACORN,0,9999,True,IN_PERSON,,
PHLD95H3Y,LEC01,Summer 2025,,,,Available on ACORN,0,9999,True,IN_PERSON,,
PHLD96H3Y,LEC01,Summer 2025,,,,Available on ACORN,0,9999,True,IN_PERSON,,
PHLD97H3Y,LEC01,Summer 2025,,,,Available on ACORN,0,9999,True,IN_PERSON,,
PHLD98H3Y,LEC01,Summer 2025,,,,Available on ACORN,0,9999,True,IN_PERSON,,
PHLD99H3Y,LEC01,Summer 2025,,,,Available on ACORN,1,9999,True,IN_PERSON,,
PHYA21H3Y,LEC01,Summer 2025,TU,10:00,12:00,Available on ACORN,51,80,True,IN_PERSON,"McGraw, P.",
PHYA21H3Y,LEC01,Summer 2025,TH,10:00,11:00,Available on ACORN,51,80,True,IN_PERSON,"McGraw, P.",
PHYA21H3Y,PRA0001,Summer 2025,WE,09:00,12:00,Available on ACORN,17,21,False,IN_PERSON,,
PHYA21H3Y,PRA0002,Summer 2025,WE,09:00,12:00,Available on ACORN,14,21,False,IN_PERSON,,
PHYA21H3Y,PRA0003,Summer 2025,WE,13:00,16:00,Available on ACORN,20,22,False,IN_PERSON,,
PHYA21H3Y,PRA0004,Summer 2025,WE,13:00,16:00,Available on ACORN,0,21,False,IN_PERSON,,
PHYD01H3Y,LEC01,Summer 2025,,,,Available on ACORN,1,10,True,IN_PERSON,"Weaver, D.",
PHYD72H3Y,LEC01,Summer 2025,,,,Available on ACORN,0,40,True,IN_PERSON,"Weaver, D.",
PLIC24H3Y,LEC01,Summer 2025,TU,13:00,16:00,Available on ACORN,17,30,True,IN_PERSON,"Helms-Park, R.",
PLIC25H3Y,LEC01,Summer 2025,WE,13:00,16:00,Available on ACORN,24,30,True,IN_PERSON,"Helms-Park, R.",
PLID01H3Y,LEC01,Summer 2025,,,,Available on ACORN,0,9999,True,IN_PERSON,,
PLID02H3Y,LEC01,Summer 2025,,,,Available on ACORN,0,9999,True,IN_PERSON,,
PLID50H3S,LEC01,Summer 2025,TU,12:00,15:00,Available on ACORN,17,30,True,IN_PERSON,"Monahan, P.",
PLID50H3S,LEC01,Summer 2025,TH,12:00,15:00,Available on ACORN,17,30,True,IN_PERSON,"Monahan, P.",
POLB30H3Y,LEC01,Summer 2025,TH,13:00,15:00,Available on ACORN,47,120,True,IN_PERSON,"Spahiu, I.",
POLB30H3Y,TUT0001,Summer 2025,TH,15:00,16:00,Available on ACORN,25,30,False,IN_PERSON,,
POLB30H3Y,TUT0002,Summer 2025,TH,16:00,17:00,Available on ACORN,22,30,False,IN_PERSON,,
POLB56H3F,LEC01,Summer 2025,MO,11:00,13:00,Available on ACORN,67,120,True,IN_PERSON,"Greenaway, C.",
POLB56H3F,LEC01,Summer 2025,WE,11:00,13:00,Available on ACORN,67,120,True,IN_PERSON,"Greenaway, C.",
POLB56H3F,TUT0001,Summer 2025,MO,13:00,14:00,Available on ACORN,25,30,False,IN_PERSON,,
POLB56H3F,TUT0002,Summer 2025,MO,14:00,15:00,Available on ACORN,24,30,False,IN_PERSON,,
POLB56H3F,TUT0003,Summer 2025,MO,15:00,16:00,Available on ACORN,18,30,False,IN_PERSON,,
POLB57H3S,LEC01,Summer 2025,MO,11:00,13:00,Available on ACORN,51,120,True,IN_PERSON,"Greenaway, C.",
POLB57H3S,LEC01,Summer 2025,WE,11:00,13:00,Available on ACORN,51,120,True,IN_PERSON,"Greenaway, C.",
POLB57H3S,TUT0001,Summer 2025,MO,13:00,14:00,Available on ACORN,25,30,False,IN_PERSON,,
POLB57H3S,TUT0002,Summer 2025,MO,14:00,15:00,Available on ACORN,25,30,False,IN_PERSON,,
POLB80H3F,LEC01,Summer 2025,TU,11:00,13:00,Available on ACORN,66,120,True,IN_PERSON,"Hoffmann, M.",
POLB80H3F,LEC01,Summer 2025,TH,11:00,13:00,Available on ACORN,66,120,True,IN_PERSON,"Hoffmann, M.",
POLB80H3F,TUT0001,Summer 2025,TU,13:00,14:00,Available on ACORN,27,30,False,IN_PERSON,,
POLB80H3F,TUT0002,Summer 2025,TU,14:00,15:00,Available on ACORN,24,30,False,IN_PERSON,,
POLB80H3F,TUT0003,Summer 2025,TU,15:00,16:00,Available on ACORN,15,30,False,IN_PERSON,,
POLB90H3S,LEC01,Summer 2025,TU,17:00,19:00,Available on ACORN,56,90,True,IN_PERSON,"Playford, N.",
POLB90H3S,LEC01,Summer 2025,TH,17:00,19:00,Available on ACORN,56,90,True,IN_PERSON,"Playford, N.",
POLB90H3S,TUT0001,Summer 2025,TU,16:00,17:00,Available on ACORN,30,35,False,IN_PERSON,,
POLB90H3S,TUT0002,Summer 2025,TU,19:00,20:00,Available on ACORN,25,35,False,IN_PERSON,,
POLC21H3F,LEC01,Summer 2025,WE,13:00,15:00,Available on ACORN,21,60,True,IN_PERSON,"Levine, R.",
POLC21H3F,LEC01,Summer 2025,FR,13:00,15:00,Available on ACORN,21,60,True,IN_PERSON,"Levine, R.",
POLC32H3Y,LEC01,Summer 2025,WE,13:00,15:00,Available on ACORN,21,60,True,IN_PERSON,"Levine, R.",
POLC32H3Y,LEC01,Summer 2025,FR,13:00,15:00,Available on ACORN,21,60,True,IN_PERSON,"Levine, R.",
POLC40H3S,LEC01,Summer 2025,TH,17:00,19:00,Available on ACORN,48,80,True,IN_PERSON,"Spahiu, I.",
POLC40H3S,TUT0001,Summer 2025,TH,19:00,20:00,Available on ACORN,24,30,False,IN_PERSON,,
POLC40H3S,TUT0003,Summer 2025,TH,16:00,17:00,Available on ACORN,24,30,False,IN_PERSON,,
POLC78H3Y,LEC01,Summer 2025,WE,19:00,21:00,Available on ACORN,57,120,True,IN_PERSON,"Levine, R.",
POLC88H3F,LEC01,Summer 2025,TU,15:00,17:00,Available on ACORN,36,60,True,IN_PERSON,"Hoffmann, M.",
POLC88H3F,LEC01,Summer 2025,TH,15:00,17:00,Available on ACORN,36,60,True,IN_PERSON,"Hoffmann, M.",
POLC93H3F,LEC01,Summer 2025,WE,11:00,13:00,Available on ACORN,41,60,True,IN_PERSON,"Levine, R.",
POLC93H3F,LEC01,Summer 2025,FR,11:00,13:00,Available on ACORN,41,60,True,IN_PERSON,"Levine, R.",
POLD95H3Y,LEC01,Summer 2025,,,,Available on ACORN,3,9999,True,IN_PERSON,,
POLD98H3Y,LEC01,Summer 2025,,,,Available on ACORN,3,9999,True,IN_PERSON,,
PSCB90H3Y,LEC01,Summer 2025,,,,Available on ACORN,11,25,True,IN_PERSON,"Voznyy, O.",
PSYA01H3Y,LEC01,Summer 2025,,,,Available on ACORN,469,9999,True,ONLINE_ASYNCHRONOUS,"Pare, D.",
PSYA02H3Y,LEC01,Summer 2025,,,,Available on ACORN,389,9999,True,ONLINE_ASYNCHRONOUS,"McPhee, A.",
PSYB10H3Y,LEC01,Summer 2025,,,,Available on ACORN,185,9999,True,ONLINE_ASYNCHRONOUS,"Thiruchselvam, R.",
PSYB20H3Y,LEC01,Summer 2025,,,,Available on ACORN,159,9999,True,ONLINE_ASYNCHRONOUS,"Cirelli, L.",
PSYB32H3Y,LEC01,Summer 2025,,,,Available on ACORN,269,9999,True,ONLINE_ASYNCHRONOUS,"Zakzanis, K.",
PSYB51H3Y,LEC01,Summer 2025,,,,Available on ACORN,62,9999,True,ONLINE_ASYNCHRONOUS,"Niemeier, M.",
PSYB55H3Y,LEC01,Summer 2025,,,,Available on ACORN,251,9999,True,ONLINE_ASYNCHRONOUS,"Souza, M.",
PSYB70H3Y,LEC01,Summer 2025,,,,Available on ACORN,503,9999,True,ONLINE_ASYNCHRONOUS,"Bramesfeld, K.",
PSYC02H3Y,LEC01,Summer 2025,MO,11:00,13:00,Available on ACORN,54,60,True,IN_PERSON,"Schwartz, S.",
PSYC02H3Y,TUT0001,Summer 2025,TH,11:00,13:00,Available on ACORN,18,20,False,IN_PERSON,,
PSYC02H3Y,TUT0002,Summer 2025,TH,13:00,15:00,Available on ACORN,17,20,False,IN_PERSON,,
PSYC02H3Y,TUT0003,Summer 2025,TH,15:00,17:00,Available on ACORN,19,20,False,IN_PERSON,,
PSYC08H3Y,LEC01,Summer 2025,FR,12:00,15:00,Available on ACORN,58,80,True,IN_PERSON,"Sama, M.",
PSYC08H3Y,TUT0001,Summer 2025,WE,10:00,11:00,Available on ACORN,15,20,False,IN_PERSON,,
PSYC08H3Y,TUT0002,Summer 2025,WE,12:00,13:00,Available on ACORN,14,20,False,IN_PERSON,,
PSYC08H3Y,TUT0003,Summer 2025,WE,14:00,15:00,Available on ACORN,13,20,False,IN_PERSON,,
PSYC08H3Y,TUT0004,Summer 2025,WE,16:00,17:00,Available on ACORN,15,20,False,IN_PERSON,,
PSYC10H3Y,LEC01,Summer 2025,TU,09:00,11:00,Available on ACORN,73,100,True,IN_PERSON,"Schwartz, S.",
PSYC13H3Y,LEC01,Summer 2025,TH,11:00,13:00,Available on ACORN,66,100,True,IN_PERSON,"Cho, H.",
PSYC24H3F,LEC01,Summer 2025,TU,13:00,15:00,Available on ACORN,84,100,True,IN_PERSON,"McPhee, A.",
PSYC24H3F,LEC01,Summer 2025,TH,09:00,11:00,Available on ACORN,84,100,True,IN_PERSON,"McPhee, A.",
PSYC31H3Y,LEC01,Summer 2025,,,,Available on ACORN,69,100,True,ONLINE_ASYNCHRONOUS,"Zakzanis, K.",
PSYC34H3Y,LEC01,Summer 2025,WE,11:00,13:00,Available on ACORN,76,100,True,IN_PERSON,"Thiruchselvam, R.",
PSYC50H3Y,LEC01,Summer 2025,FR,09:00,11:00,Available on ACORN,47,100,True,IN_PERSON,"Shoura, M.",
PSYC62H3Y,LEC01,Summer 2025,TU,19:00,21:00,Available on ACORN,84,100,True,IN_PERSON,"Morrissey, M.",
PSYC70H3Y,LEC01,Summer 2025,TU,11:00,13:00,Available on ACORN,46,50,True,IN_PERSON,"Cree, G.",
PSYC70H3Y,TUT0001,Summer 2025,TU,14:00,15:00,Available on ACORN,24,25,False,IN_PERSON, ,
PSYC70H3Y,TUT0002,Summer 2025,TU,15:00,16:00,Available on ACORN,22,25,False,IN_PERSON, ,
PSYC71H3Y,LEC01,Summer 2025,TU,11:00,13:00,Available on ACORN,46,50,True,IN_PERSON,"Cree, G.",
PSYC71H3Y,TUT0001,Summer 2025,TU,14:00,15:00,Available on ACORN,24,25,False,IN_PERSON,,
PSYC71H3Y,TUT0002,Summer 2025,TU,15:00,16:00,Available on ACORN,22,25,False,IN_PERSON,,
PSYC71H3Y,LEC01,Summer 2025,MO,14:00,16:00,Available on ACORN,22,35,True,IN_PERSON,"Schwartz, S.",
PSYC85H3Y,LEC01,Summer 2025,WE,09:00,11:00,Available on ACORN,66,100,True,IN_PERSON,"Tharmaratnam, V.",
PSYD15H3Y,LEC01,Summer 2025,TU,13:00,15:00,Available on ACORN,20,24,True,IN_PERSON,"Wang, A.",
PSYD20H3Y,LEC01,Summer 2025,TH,13:00,15:00,Available on ACORN,22,24,True,IN_PERSON,"McPhee, A.",
PSYD33H3Y,LEC01,Summer 2025,WE,13:00,15:00,Available on ACORN,20,24,True,IN_PERSON,"Orjiakor, T.",
PSYD50H3Y,LEC01,Summer 2025,WE,15:00,17:00,Available on ACORN,15,24,True,IN_PERSON,"Sama, M.",
PSYD66H3Y,LEC01,Summer 2025,TU,09:00,11:00,Available on ACORN,19,24,True,IN_PERSON,"Di Domenico, S.",
SOCB05H3Y,LEC01,Summer 2025,MO,10:00,13:00,Available on ACORN,47,120,True,ONLINE_SYNCHRONOUS,"Parker, S.",
SOCB05H3Y,TUT0001,Summer 2025,MO,14:00,15:00,Available on ACORN,25,30,False,ONLINE_SYNCHRONOUS,,
SOCB05H3Y,TUT0003,Summer 2025,MO,16:00,17:00,Available on ACORN,18,30,False,ONLINE_SYNCHRONOUS,,
SOCB42H3F,LEC01,Summer 2025,TU,12:00,14:00,Available on ACORN,37,120,True,ONLINE_SYNCHRONOUS,"Braun, J.",
SOCB42H3F,LEC01,Summer 2025,TH,12:00,14:00,Available on ACORN,37,120,True,ONLINE_SYNCHRONOUS,"Braun, J.",
SOCB42H3F,TUT0001,Summer 2025,TU,14:00,15:00,Available on ACORN,22,30,False,ONLINE_SYNCHRONOUS,,
SOCB42H3F,TUT0002,Summer 2025,TU,15:00,16:00,Available on ACORN,14,30,False,ONLINE_SYNCHRONOUS,,
SOCB43H3S,LEC01,Summer 2025,TU,12:00,14:00,Available on ACORN,27,120,True,ONLINE_SYNCHRONOUS,"Braun, J.",
SOCB43H3S,LEC01,Summer 2025,TH,12:00,14:00,Available on ACORN,27,120,True,ONLINE_SYNCHRONOUS,"Braun, J.",
SOCB43H3S,TUT0001,Summer 2025,TU,14:00,15:00,Available on ACORN,17,30,False,ONLINE_SYNCHRONOUS,,
SOCB43H3S,TUT0002,Summer 2025,TU,15:00,16:00,Available on ACORN,8,30,False,ONLINE_SYNCHRONOUS,,
SOCC25H3Y,LEC01,Summer 2025,WE,13:00,15:00,Available on ACORN,48,60,True,ONLINE_SYNCHRONOUS,"Peruniak, J.",
SOCC30H3F,LEC01,Summer 2025,TU,10:00,12:00,Available on ACORN,32,60,True,IN_PERSON,"Doherty, J.",
SOCC30H3F,LEC01,Summer 2025,WE,10:00,12:00,Available on ACORN,32,60,True,IN_PERSON,"Doherty, J.",
SOCD02H3Y,LEC01,Summer 2025,MO,13:00,16:00,Available on ACORN,10,14,True,IN_PERSON,"Kwan-Lafond, D.",
SOCD02H3Y,LEC01,Summer 2025,WE,13:00,16:00,Available on ACORN,10,14,True,IN_PERSON,"Kwan-Lafond, D.",
SOCD18H3S,LEC01,Summer 2025,MO,19:00,21:00,Available on ACORN,6,20,True,IN_PERSON,"DeGagne, M.",
SOCD18H3S,LEC01,Summer 2025,TU,10:00,12:00,Available on ACORN,6,20,True,IN_PERSON,"DeGagne, M.",
SOCD40H3Y,LEC01,Summer 2025,,,,Available on ACORN,1,9999,True,IN_PERSON,,
SOCD41H3Y,LEC01,Summer 2025,,,,Available on ACORN,0,9999,True,IN_PERSON,,
STAB22H3Y,LEC01,Summer 2025,TU,16:00,17:00,Available on ACORN,187,300,True,IN_PERSON,"Samarakoon, M.",
STAB22H3Y,LEC01,Summer 2025,TH,15:00,17:00,Available on ACORN,187,300,True,IN_PERSON,"Samarakoon, M.",
STAB22H3Y,TUT0001,Summer 2025,MO,15:00,16:00,Available on ACORN,30,35,False,IN_PERSON,,
STAB22H3Y,TUT0002,Summer 2025,MO,16:00,17:00,Available on ACORN,14,35,False,IN_PERSON,,
STAB22H3Y,TUT0003,Summer 2025,TU,15:00,16:00,Available on ACORN,34,35,False,IN_PERSON,,
STAB22H3Y,TUT0004,Summer 2025,TU,17:00,18:00,Available on ACORN,31,35,False,IN_PERSON,,
STAB22H3Y,TUT0005,Summer 2025,WE,12:00,13:00,Available on ACORN,29,35,False,IN_PERSON,,
STAB22H3Y,TUT0006,Summer 2025,TH,13:00,14:00,Available on ACORN,29,35,False,IN_PERSON,,
STAB22H3Y,TUT0007,Summer 2025,FR,11:00,12:00,Available on ACORN,19,35,False,IN_PERSON,,
STAB23H3Y,LEC01,Summer 2025,TU,12:00,13:00,Available onACORN,88,200,True,IN_PERSON,"Clare, E.",
STAB23H3Y,LEC01,Summer 2025,TH,12:00,14:00,Available onACORN,88,200,True,IN_PERSON,"Clare, E.",
STAB23H3Y,TUT0001,Summer 2025,WE,13:00,14:00,Available onACORN,28,34,False,IN_PERSON,,
STAB23H3Y,TUT0002,Summer 2025,TU,14:00,15:00,Available onACORN,36,39,False,IN_PERSON,,
STAB23H3Y,TUT0003,Summer 2025,WE,16:00,17:00,Available onACORN,24,34,False,IN_PERSON,,Time/day/room change22/04/24
STAB52H3Y,LEC01,Summer 2025,TU,14:00,16:00,Available on ACORN,118,234,True,IN_PERSON,"Damouras, S.",
STAB52H3Y,LEC01,Summer 2025,TH,11:00,12:00,Available on ACORN,118,234,True,IN_PERSON,"Damouras, S.",
STAB52H3Y,TUT0001,Summer 2025,MO,15:00,16:00,Available on ACORN,24,34,False,IN_PERSON,,
STAB52H3Y,TUT0002,Summer 2025,FR,14:00,15:00,Available on ACORN,17,34,False,IN_PERSON,,
STAB52H3Y,TUT0003,Summer 2025,WE,11:00,12:00,Available on ACORN,20,34,False,IN_PERSON,,
STAB52H3Y,TUT0004,Summer 2025,WE,14:00,15:00,Available on ACORN,27,34,False,IN_PERSON,,
STAB52H3Y,TUT0005,Summer 2025,TH,13:00,14:00,Available on ACORN,30,34,False,IN_PERSON,,
STAC67H3Y,LEC01,Summer 2025,TU,10:00,12:00,Available on ACORN,60,160,True,IN_PERSON,"Samarakoon, M.",
STAC67H3Y,LEC01,Summer 2025,FR,13:00,14:00,Available on ACORN,60,160,True,IN_PERSON,"Samarakoon, M.",
STAC67H3Y,TUT0001,Summer 2025,TU,13:00,14:00,Available on ACORN,27,50,False,IN_PERSON,,
STAC67H3Y,TUT0002,Summer 2025,FR,11:00,12:00,Available on ACORN,33,50,False,IN_PERSON,,
STAD92H3Y,LEC01,Summer 2025,,,,Available on ACORN,1,9999,True,IN_PERSON,"Wang, L.",
STAD93H3Y,LEC01,Summer 2025,,,,Available on ACORN,0,9999,True,IN_PERSON,,
STAD94H3Y,LEC01,Summer 2025,,,,Available on ACORN,1,9999,True,IN_PERSON,"Butler, K.",
STAD95H3Y,LEC01,Summer 2025,,,,Available on ACORN,1,9999,True,IN_PERSON,,
VPHC52H3F,LEC01,Summer 2025,TU,10:00,12:00,Available on ACORN,5,17,True,IN_PERSON,"Gervers, M.",
VPHC52H3F,LEC01,Summer 2025,FR,10:00,12:00,Available on ACORN,5,17,True,IN_PERSON,"Gervers, M.",
VPSB58H3Y,LEC01,Summer 2025,WE,14:00,17:00,Available on ACORN,11,20,True,IN_PERSON,"Onodera, M.",
VPSB61H3Y,LEC01,Summer 2025,TH,10:00,13:00,Available on ACORN,13,20,True,IN_PERSON,"Leach, A.",
VPSB67H3Y,LEC01,Summer 2025,TU,10:00,13:00,Available on ACORN,19,20,True,IN_PERSON,"Klie, J.",Room change (06/05/24)
VPSB70H3Y,LEC01,Summer 2025,TU,14:00,17:00,Available on ACORN,17,20,True,IN_PERSON,"Leach, A.",
VPSC76H3Y,LEC01,Summer 2025,TU,10:00,13:00,Available onACORN,17,20,True,IN_PERSON,"Godden,V.",Room change(06/05/24)
VPSC90H3Y,LEC01,Summer 2025,WE,10:00,13:00,Available on ACORN,20,20,True,IN_PERSON,"Cho, H.",
WSTC40H3Y,LEC01,Summer 2025,TH,11:00,13:00,Available on ACORN,15,35,True,IN_PERSON,"Johnston, N.",
WSTD01H3Y,LEC01,Summer 2025,,,,Available on ACORN,0,9999,True,IN_PERSON,,
